tweet_id	cat1_final_answer	cat2_final_answer	cat3_final_answer	cat1_pred	cat2_pred	cat3_pred	cat1_score	cat2_score	cat3_score
319090866545385472	0.0	0.0	0.0	0	0	0	0.029906413	0.011725196	0.012849417
350116212899971073	0.0	0.0	0.0	0	0	0	0.040072855	0.011359872	0.011600428
354971560186101763	1.0	0.0	0.0	0	0	0	0.28292528	0.014618872	0.020994725
368890097971654656	0.0	0.0	0.0	0	0	0	0.033212323	0.01333948	0.012610097
377536039117934592	0.0	0.0	0.0	0	0	0	0.016326806	0.017221062	0.01987809
379218265500684288	1.0	0.0	0.0	1	0	0	0.9192576	0.3042495	0.40698686
409122595947020288	0.0	0.0	0.0	0	0	0	0.02147359	0.014623611	0.018600015
417390745067462656	0.0	0.0	0.0	0	0	0	0.020735163	0.014620787	0.01522028
426482774065688576	0.0	0.0	0.0	0	0	0	0.063293524	0.012905005	0.017881604
431030192312967168	0.0	0.0	0.0	0	0	0	0.016352111	0.017895928	0.0184559
436645794943225857	0.0	0.0	0.0	1	0	0	0.53219706	0.08201692	0.17189609
482893912239898624	0.0	0.0	0.0	0	0	0	0.033146296	0.012523998	0.011352141
491594818464657410	0.0	0.0	0.0	0	0	0	0.025446204	0.013488463	0.016326737
527823873799385088	0.0	0.0	1.0	0	1	1	0.30186138	0.6856314	0.9267971
560029371470471168	1.0	0.0	0.0	1	0	0	0.85417116	0.081736594	0.09911538
560081393040908289	0.0	0.0	0.0	0	0	0	0.021559749	0.015256099	0.015205856
568779578812055552	0.0	0.0	0.0	0	0	0	0.040191576	0.012423715	0.010900868
575080590958964736	1.0	1.0	1.0	1	1	1	0.9265757	0.9268272	0.95604944
578942591317647360	0.0	0.0	0.0	0	0	0	0.016894966	0.01669684	0.018990237
605701936592109568	1.0	1.0	1.0	1	1	1	0.7243655	0.9559981	0.97822
611615660393799680	1.0	1.0	1.0	1	1	1	0.9189414	0.9263972	0.9597851
662199169227104256	0.0	0.0	0.0	0	0	0	0.050108176	0.012642919	0.010379279
674050317756051456	0.0	0.0	0.0	0	0	0	0.0316958	0.013565759	0.010683387
683838640489926656	0.0	0.0	0.0	0	0	1	0.06364975	0.33903474	0.6919934
694637176206856192	0.0	0.0	0.0	0	0	0	0.022607908	0.012597227	0.015222394
702413786871951360	0.0	0.0	0.0	0	0	0	0.019133698	0.016047208	0.021665383
708397456460005377	0.0	0.0	0.0	0	0	0	0.025477346	0.02441999	0.04928764
709399196781166592	0.0	0.0	0.0	0	0	0	0.06368143	0.0110962605	0.009062181
710775052191412224	0.0	0.0	0.0	0	0	0	0.019367808	0.016737333	0.016297929
713558291666698243	0.0	0.0	0.0	0	0	0	0.019940494	0.015795482	0.017557781
734981475293134848	0.0	0.0	0.0	0	0	0	0.025920423	0.013738488	0.012317268
755462710511435778	0.0	0.0	0.0	0	0	0	0.1135788	0.01275341	0.010300914
786587956828073984	0.0	0.0	0.0	0	0	0	0.015257746	0.016984953	0.02327466
833408997524910080	0.0	0.0	0.0	0	0	0	0.027978173	0.012319721	0.013212659
835178704435359745	0.0	0.0	0.0	0	0	0	0.015668964	0.0198668	0.027036639
836678952458600452	0.0	0.0	0.0	0	0	0	0.016416732	0.01773669	0.018701244
838373677758562306	0.0	0.0	0.0	0	0	0	0.051213823	0.011595198	0.010356095
844220064211632128	0.0	0.0	0.0	0	0	0	0.017589841	0.015002813	0.019507494
850770221182976001	0.0	0.0	0.0	0	0	0	0.06972973	0.050210178	0.18213017
859309059609997312	0.0	0.0	0.0	0	0	0	0.01968657	0.01615905	0.01642864
887707010103480320	0.0	0.0	0.0	0	0	0	0.017921206	0.014977973	0.017846113
897389401822638080	0.0	0.0	0.0	0	0	0	0.0160347	0.022902204	0.035250053
899206910846664706	0.0	0.0	1.0	0	0	0	0.020625746	0.03625352	0.11493806
902298014232006661	0.0	0.0	0.0	0	0	0	0.11240017	0.013457864	0.018709075
909231305820299264	0.0	0.0	0.0	0	0	0	0.016758936	0.016083531	0.017313136
922800768448475138	1.0	1.0	1.0	1	1	1	0.7367946	0.94485927	0.9808642
930940704355954688	0.0	0.0	0.0	0	0	0	0.027567782	0.014190052	0.013063509
931215318197907457	0.0	0.0	1.0	0	0	1	0.10576047	0.392929	0.77275753
932421444864053248	0.0	0.0	0.0	0	0	0	0.041774742	0.013925106	0.0145050455
932791181125316608	0.0	0.0	0.0	0	0	0	0.041544434	0.011985974	0.014019654
942165802911875072	0.0	0.0	0.0	0	0	0	0.15501781	0.023577554	0.05129447
946160822916734976	0.0	0.0	0.0	0	0	0	0.022768602	0.013905001	0.018991811
982350473238798338	0.0	0.0	0.0	0	0	0	0.03170004	0.012472874	0.012443938
993911987011706880	0.0	0.0	0.0	0	0	0	0.018863566	0.014989381	0.015985766
1014170652784451584	0.0	0.0	0.0	0	0	0	0.11589399	0.010270532	0.0111874845
1029515309877682178	0.0	0.0	0.0	0	0	0	0.057703216	0.011146716	0.0135088265
1031107340207116288	1.0	0.0	0.0	0	0	0	0.487722	0.02102805	0.029930416
1033282481322172416	0.0	0.0	0.0	0	0	0	0.016469613	0.026418354	0.052464414
1042361063214219264	0.0	0.0	0.0	0	0	0	0.037938062	0.013283271	0.01065309
1046403575386124288	0.0	0.0	0.0	0	0	0	0.024965024	0.01320806	0.013322264
1046439010522955776	1.0	1.0	1.0	1	1	1	0.85289544	0.9314319	0.9751967
1050544366115282944	1.0	0.0	0.0	1	1	1	0.8487061	0.8694285	0.9332854
1055160445382938624	0.0	0.0	0.0	0	0	0	0.013942376	0.02254904	0.03762262
1092806445668712454	0.0	0.0	0.0	0	0	0	0.023506975	0.013689438	0.01405249
1095750532466180096	0.0	0.0	0.0	0	0	0	0.018589135	0.014804939	0.016328529
1113819787048751105	0.0	0.0	0.0	0	0	0	0.024017647	0.014173034	0.013252382
1123623968462856192	0.0	0.0	1.0	0	0	0	0.0207681	0.0339346	0.07704933
1131198181046411264	0.0	0.0	0.0	0	0	0	0.0224056	0.0146773225	0.013535306
1143919694249910273	0.0	0.0	0.0	0	0	0	0.033025738	0.011135929	0.01727622
1148137607542558721	0.0	0.0	0.0	0	0	0	0.031586897	0.012295446	0.011547988
1149293343802720257	1.0	1.0	1.0	1	1	1	0.6880236	0.642195	0.8657727
1151610179382890496	0.0	0.0	0.0	0	0	0	0.024876637	0.013499164	0.014928856
1164604914921873410	1.0	1.0	1.0	0	0	0	0.16401915	0.03726769	0.082703
1166223817686994944	0.0	0.0	0.0	0	0	0	0.019287795	0.022334822	0.04698949
1178797670305058817	0.0	0.0	1.0	0	0	0	0.028248815	0.08483054	0.33069727
1182457820131794944	0.0	0.0	0.0	0	0	0	0.017521381	0.016536977	0.022758687
1188661895948992512	1.0	0.0	0.0	1	0	0	0.80910647	0.043608315	0.05387083
1219299597845245952	0.0	0.0	0.0	0	0	0	0.015286259	0.017270321	0.01980362
1258238498575773697	0.0	0.0	0.0	0	0	0	0.0193534	0.015550948	0.01577161
1264817499310157824	0.0	0.0	0.0	0	0	0	0.030634455	0.016478324	0.031252846
1271339201594830848	0.0	0.0	0.0	0	0	0	0.028986238	0.018642863	0.039309125
1284205719877607425	0.0	0.0	0.0	0	0	0	0.02062765	0.014632401	0.014508603
1297828882557497344	0.0	0.0	0.0	0	0	0	0.061435115	0.011187474	0.010375395
1308849179918315524	0.0	0.0	0.0	0	0	0	0.021898577	0.016687518	0.017352518
1312094356002742274	0.0	0.0	0.0	0	0	0	0.019895019	0.014048573	0.01562437
1318967868143403008	0.0	0.0	0.0	0	0	0	0.023596818	0.013599704	0.01562861
1322602077357486080	0.0	0.0	0.0	0	0	0	0.020699825	0.015817018	0.014643655
1323911501346869248	0.0	0.0	0.0	0	0	0	0.01847205	0.015779532	0.016613903
1326505338338729985	1.0	1.0	1.0	1	0	0	0.873012	0.34865943	0.4520447
1331870050576441346	0.0	0.0	0.0	0	0	0	0.055535994	0.04774787	0.1537383
1333513320159186944	1.0	1.0	1.0	1	1	1	0.8251969	0.9477582	0.9730777
444915993132142592	0.0	1.0	1.0	0	0	1	0.07466832	0.3314841	0.7069295
514933598982389760	1.0	0.0	0.0	1	0	0	0.8520438	0.06380917	0.08218808
577264538376151040	1.0	1.0	1.0	1	1	1	0.94999397	0.74783254	0.8529398
650847249174433793	1.0	0.0	0.0	1	0	0	0.8752298	0.060321618	0.06266444
683858206930505728	0.0	1.0	1.0	0	0	1	0.050629377	0.2620231	0.63291097
690681618109870082	1.0	1.0	1.0	0	1	1	0.29727226	0.9002647	0.9636041
718529188525961216	1.0	0.0	0.0	1	1	1	0.92717457	0.61216843	0.74877137
736750226510389248	0.0	1.0	1.0	0	1	1	0.30363634	0.81652015	0.94249773
763136159472087040	0.0	1.0	1.0	0	1	1	0.1484547	0.6079793	0.89753205
769465842278866944	1.0	0.0	0.0	1	0	1	0.9322438	0.42380884	0.5157938
776169926461710336	0.0	0.0	0.0	1	0	0	0.8824505	0.11026268	0.16782978
789744902741561345	1.0	0.0	0.0	1	1	1	0.94165623	0.87487286	0.9449702
825716354585997312	0.0	1.0	1.0	0	1	1	0.12870903	0.6415561	0.87036973
886673109964685312	1.0	1.0	1.0	1	1	1	0.7876589	0.9599474	0.9733556
899488800287727617	1.0	0.0	0.0	1	0	0	0.73982334	0.036100917	0.028750468
1008891315898191872	1.0	1.0	1.0	1	1	1	0.8379512	0.94379556	0.97227997
1046719722694299648	1.0	1.0	1.0	1	1	1	0.9335869	0.530189	0.66122
1100726830896685056	0.0	1.0	1.0	1	1	1	0.504255	0.93872255	0.9738946
1128477362457329665	1.0	1.0	1.0	1	1	1	0.73425347	0.9464942	0.97810054
1187632944011272197	1.0	0.0	0.0	1	1	1	0.7234585	0.9491456	0.9769107
1318574643771510786	1.0	0.0	0.0	1	0	0	0.8796417	0.11701195	0.15602195
1320058294896033798	1.0	0.0	0.0	1	1	1	0.93456024	0.58473516	0.71448195
1335031921626279937	1.0	1.0	1.0	1	1	1	0.5948511	0.9496142	0.9768025
322694830620807168	1.0	0.0	0.0	0	0	0	0.021878831	0.015361035	0.015056675
335542235452014594	0.0	0.0	0.0	0	0	0	0.05987475	0.013846299	0.012391076
342204279160987648	0.0	0.0	0.0	0	0	0	0.023600925	0.024904685	0.038423024
350649661289275393	0.0	0.0	0.0	1	0	0	0.5577032	0.03233382	0.026066262
398450991726485505	0.0	0.0	0.0	1	0	0	0.5261846	0.045321237	0.04635064
412650110460235776	0.0	0.0	0.0	0	0	0	0.016369801	0.018891854	0.028268423
419031039776804864	0.0	0.0	0.0	0	0	0	0.015174069	0.021563964	0.031247035
438237164208279552	1.0	0.0	1.0	1	1	1	0.9319416	0.5414671	0.70134854
443314171921174529	0.0	0.0	0.0	0	0	0	0.053592723	0.022070238	0.026454426
446689236226670592	0.0	0.0	0.0	0	0	0	0.018156903	0.019929817	0.028469376
466468978333061120	0.0	0.0	0.0	0	0	0	0.064765885	0.020592634	0.02487702
474967888109899776	0.0	0.0	0.0	0	0	0	0.016662337	0.028117547	0.031454656
490480937759932416	0.0	0.0	0.0	0	0	0	0.01594779	0.0200562	0.028284796
513800792990441473	0.0	0.0	0.0	0	0	0	0.015717903	0.0187481	0.023309125
515516909253853184	0.0	0.0	0.0	0	0	0	0.029008018	0.18435967	0.46693787
554656665208115201	0.0	0.0	0.0	0	0	0	0.026406137	0.016694345	0.021332398
559050705374154752	1.0	0.0	0.0	1	0	0	0.6969178	0.05520265	0.051768053
573496486501154816	0.0	1.0	1.0	0	1	1	0.4462985	0.9051758	0.9543002
580972622399291392	0.0	1.0	1.0	0	0	1	0.25255483	0.45249787	0.81105894
622676246795661312	0.0	0.0	0.0	0	0	0	0.05377356	0.013780283	0.01140272
627031498827247616	0.0	0.0	0.0	0	0	0	0.19567525	0.023837132	0.024947433
631011188705374208	0.0	0.0	0.0	0	0	0	0.017349007	0.02187844	0.03480165
660146321635074050	0.0	0.0	0.0	0	0	0	0.03175191	0.02142631	0.05048202
660432968763117570	0.0	0.0	0.0	0	0	0	0.019096306	0.01798723	0.01822049
661310677206855680	0.0	0.0	1.0	0	0	0	0.014054162	0.025553538	0.042348508
689726180832899073	0.0	0.0	0.0	0	0	0	0.016738605	0.017985461	0.024701051
695026082408300547	0.0	0.0	0.0	0	0	0	0.0153718935	0.025240272	0.041687433
705777559959703552	0.0	0.0	0.0	1	0	1	0.57453644	0.39880568	0.58195496
731958405498347520	0.0	0.0	0.0	0	0	0	0.054875433	0.01468102	0.011748193
738831703758753792	0.0	0.0	0.0	0	0	0	0.021846754	0.01779572	0.02135849
745717782042443776	0.0	0.0	0.0	0	0	0	0.037721742	0.014889101	0.015545525
770908918667157504	0.0	0.0	0.0	0	0	0	0.026775388	0.07928333	0.2398515
771040787572387841	1.0	0.0	0.0	0	0	0	0.023820149	0.018093517	0.021874592
799009849254121472	0.0	0.0	0.0	0	0	0	0.02277238	0.015733728	0.018738408
819736054689366018	0.0	0.0	0.0	0	0	0	0.0148545345	0.027153602	0.04962325
847011162164285440	0.0	0.0	0.0	0	0	0	0.01513955	0.02018753	0.028566904
860184097980784641	0.0	0.0	0.0	0	0	0	0.02462802	0.014890611	0.015332219
891813728651329536	0.0	0.0	0.0	0	0	0	0.29446518	0.021151278	0.022068504
895644705232265216	0.0	0.0	0.0	0	0	0	0.015229816	0.020770269	0.02705148
899177194223656960	0.0	0.0	0.0	0	0	0	0.018834887	0.018459665	0.027299093
907675420350447616	0.0	0.0	0.0	0	0	0	0.020751527	0.015832406	0.015954608
918079232818995200	0.0	0.0	0.0	0	0	0	0.016347142	0.02381703	0.040170394
934847287695757314	0.0	0.0	0.0	0	0	0	0.020559173	0.018314084	0.02246816
936688146749763585	0.0	0.0	0.0	0	0	0	0.015410576	0.023700558	0.035303783
938564334418120705	1.0	0.0	0.0	1	0	0	0.9310622	0.27811104	0.3294825
961674045811929088	0.0	0.0	0.0	0	0	0	0.017857928	0.021541411	0.029273553
971041555875352576	0.0	0.0	1.0	0	1	1	0.4928023	0.89731437	0.96316504
974366513732894721	1.0	1.0	1.0	1	1	1	0.93473256	0.9199665	0.9137581
997681761646759936	0.0	0.0	0.0	0	0	0	0.07428077	0.017919762	0.019688105
1010973100203180032	0.0	0.0	0.0	0	0	0	0.016770639	0.01897651	0.025065107
1015668581353304069	0.0	0.0	0.0	0	0	0	0.02518546	0.015800118	0.015480638
1016209604626219009	0.0	0.0	0.0	0	0	0	0.015775993	0.023452701	0.03538319
1018978482812944384	0.0	0.0	0.0	0	0	0	0.19799012	0.023520302	0.023426913
1023318438188646401	0.0	0.0	0.0	0	0	0	0.015726307	0.020411512	0.03018352
1024833718597373952	0.0	0.0	0.0	0	0	0	0.019617032	0.032609753	0.069028296
1028495065256275968	0.0	0.0	0.0	0	0	0	0.01743782	0.018098604	0.022620423
1037514366269177856	0.0	0.0	0.0	0	0	0	0.022871392	0.016166512	0.017309088
1046430215076040704	0.0	0.0	0.0	0	0	0	0.017949719	0.01859268	0.023655182
1056359156049825793	0.0	0.0	0.0	0	0	0	0.023108745	0.01545062	0.016642159
1057468580437090304	0.0	0.0	0.0	0	0	0	0.01563534	0.019234229	0.023129713
1058450038848978945	0.0	0.0	0.0	0	0	0	0.014246659	0.049371798	0.118097246
1071664460744425472	0.0	0.0	0.0	0	0	0	0.016024502	0.018787691	0.023032684
1086822696371904512	0.0	0.0	0.0	0	0	0	0.018252786	0.020298228	0.024790337
1091141235639705600	0.0	0.0	0.0	0	0	0	0.119126566	0.016351435	0.011560367
1099360559365947392	0.0	0.0	0.0	0	0	0	0.023287725	0.015143594	0.017878018
1102674464377049089	0.0	0.0	0.0	0	0	0	0.020319814	0.01599254	0.016023817
1111096294435520512	1.0	1.0	1.0	1	1	1	0.89685196	0.9289109	0.9460295
1127710139123949569	0.0	0.0	1.0	0	0	0	0.025182787	0.09970528	0.30526835
1136783586118512640	0.0	0.0	0.0	0	0	0	0.020651346	0.018845065	0.022251122
1138860977716379648	0.0	0.0	0.0	0	0	0	0.016333468	0.023961253	0.037475854
1142057725398069248	0.0	0.0	0.0	0	0	0	0.04698855	0.015385027	0.0116465
1158244647107530753	0.0	0.0	0.0	0	0	0	0.015502367	0.018056775	0.026323345
1167847771962925056	0.0	0.0	0.0	0	0	0	0.022733817	0.021312885	0.027657738
1170040359432404993	0.0	0.0	0.0	0	0	0	0.02382937	0.024238242	0.054388154
1200818820748861440	0.0	1.0	1.0	0	0	0	0.015675997	0.020315373	0.026700327
1204803275347972098	0.0	0.0	0.0	0	0	0	0.022995356	0.023562502	0.044265702
1220953312867934209	0.0	1.0	1.0	0	1	1	0.48334092	0.85814494	0.9336868
1274654734939418624	0.0	0.0	0.0	0	0	0	0.022767423	0.015257016	0.017021341
1283013579206201344	0.0	0.0	0.0	0	0	0	0.016711073	0.028677523	0.058723725
1286754812332212224	1.0	0.0	0.0	0	0	0	0.05653196	0.01431537	0.013492252
1294574559430094848	1.0	1.0	1.0	0	1	1	0.49275684	0.7051118	0.87307596
1295436069501108227	0.0	0.0	0.0	0	0	0	0.26559895	0.021327604	0.01701346
1298222735718416385	0.0	0.0	0.0	0	0	0	0.024997292	0.016030042	0.01740955
1309694719170088960	0.0	0.0	0.0	0	0	0	0.022665214	0.016809193	0.021813031
1316401657866059778	0.0	0.0	0.0	0	0	0	0.053040024	0.025991108	0.07006277
1333892728506228736	0.0	0.0	0.0	0	0	0	0.0335925	0.014642724	0.013275211
1335263258555584514	0.0	0.0	0.0	1	0	0	0.62904096	0.06371543	0.07318294
1341155832793165825	0.0	0.0	0.0	0	0	0	0.016265431	0.019890208	0.024664246
339558700970815488	0.0	0.0	0.0	0	0	0	0.07887126	0.07694067	0.26374713
464696255738703872	1.0	0.0	0.0	1	0	1	0.86105335	0.44134805	0.634988
505360614370586626	1.0	1.0	1.0	1	1	1	0.8490537	0.9286106	0.94143724
531600924217999361	1.0	1.0	1.0	1	0	0	0.9510096	0.39782453	0.46184516
597534145808605184	1.0	0.0	0.0	1	1	1	0.93817234	0.811713	0.8708476
617706053849911300	0.0	0.0	0.0	0	1	1	0.15823713	0.5155641	0.8620025
628611128260608000	1.0	1.0	1.0	1	0	0	0.95081943	0.33808514	0.3460825
652858156402393088	0.0	0.0	0.0	1	0	0	0.90758044	0.24803998	0.3065919
671341696899293186	0.0	0.0	0.0	0	1	1	0.13718565	0.5157821	0.8219483
730683743388766208	1.0	1.0	1.0	1	1	1	0.82567567	0.9010297	0.94638085
839281326121443329	1.0	0.0	0.0	1	0	0	0.90309644	0.15917106	0.15725893
860957536140308480	0.0	0.0	0.0	0	1	1	0.34290677	0.8831598	0.94669354
880400448645156865	0.0	0.0	1.0	0	0	1	0.14069732	0.32849604	0.8201687
896277923522633728	0.0	0.0	0.0	1	1	1	0.7745155	0.91438925	0.9474192
901199915619151873	0.0	0.0	0.0	0	0	0	0.13342647	0.015005619	0.014245014
918300443805126656	1.0	1.0	1.0	1	1	1	0.7917025	0.9445348	0.9579254
935891140875837440	1.0	1.0	1.0	1	1	1	0.87591547	0.8533903	0.9102388
940684900109307904	1.0	1.0	1.0	0	1	1	0.444098	0.8975538	0.95036453
983345042721931269	0.0	1.0	1.0	1	1	1	0.86719024	0.90355724	0.93665385
1035198354962227203	1.0	1.0	1.0	1	1	1	0.78193325	0.9465962	0.95770925
1090675424626040832	1.0	0.0	1.0	1	0	0	0.9036742	0.31511372	0.44635916
1159165376472604672	1.0	1.0	1.0	1	1	1	0.8298177	0.9509968	0.95662147
1182650818345881600	1.0	0.0	0.0	1	0	0	0.89084375	0.23929209	0.40595517
1236391151977955328	1.0	0.0	0.0	1	0	1	0.90813893	0.43358916	0.5295539
1274396038644858884	1.0	1.0	1.0	0	1	1	0.47506455	0.9194209	0.9675012
375694265692594176	0.0	0.0	0.0	0	0	0	0.030698787	0.014756241	0.029506847
411681385623982080	0.0	0.0	0.0	0	0	0	0.03030912	0.014391206	0.020914504
426751675102011392	0.0	0.0	0.0	0	0	0	0.025313133	0.015327973	0.03238572
445991077552865281	1.0	0.0	0.0	0	0	0	0.06603269	0.014151351	0.017733514
471667239288991744	0.0	0.0	0.0	0	0	0	0.022457728	0.016991058	0.040902108
516646497228947456	0.0	0.0	0.0	0	0	0	0.047922444	0.014364664	0.02310068
516699078000779264	0.0	0.0	0.0	0	0	0	0.028796613	0.014684752	0.027223347
533478294692585472	0.0	0.0	0.0	0	0	0	0.029569957	0.014400361	0.02681551
540632409981857792	0.0	0.0	0.0	0	0	0	0.04100348	0.013765269	0.02283637
563083273602355201	0.0	0.0	0.0	0	0	0	0.03271285	0.0155005315	0.025947286
568088323962507264	0.0	0.0	0.0	0	0	0	0.1904948	0.016728349	0.022993961
576277522158989312	0.0	0.0	0.0	0	0	0	0.052132063	0.016760396	0.03449824
584128760141615104	0.0	0.0	0.0	0	0	0	0.03112071	0.015377089	0.019449644
592793990870740993	0.0	0.0	0.0	0	0	0	0.09287579	0.015503857	0.019694721
593097629107650561	0.0	0.0	0.0	0	0	0	0.1631808	0.019565025	0.034003273
611146298067030016	0.0	0.0	0.0	0	0	0	0.111909345	0.018820904	0.025597025
622405366073024517	0.0	0.0	0.0	0	0	0	0.022309901	0.015131346	0.03344273
626275995646062592	1.0	0.0	0.0	1	0	0	0.8783161	0.14787127	0.2592459
631725730326552576	1.0	1.0	1.0	0	0	0	0.10557928	0.016687904	0.035412177
631828683704172545	1.0	0.0	0.0	1	0	0	0.9297741	0.21954103	0.24208765
636605433478836224	0.0	0.0	0.0	0	0	0	0.055471722	0.013479844	0.02162209
658494852200574976	0.0	0.0	0.0	1	0	0	0.882317	0.25451463	0.28235084
666281849031823360	0.0	0.0	0.0	0	0	0	0.15855853	0.018220628	0.04812185
667355564754644992	0.0	0.0	0.0	0	0	0	0.035417855	0.013256992	0.021208428
683181686679552001	1.0	0.0	0.0	0	0	0	0.09537995	0.015391038	0.015221023
706975100856373248	0.0	0.0	0.0	0	0	0	0.093169995	0.01425482	0.01615751
712710761240350720	1.0	1.0	1.0	1	1	1	0.9376199	0.9174153	0.9302465
730144810548367362	0.0	0.0	0.0	0	0	0	0.08235044	0.014797173	0.015837397
750166814521323520	0.0	0.0	0.0	0	0	0	0.03367465	0.014027216	0.021886498
755106794465361920	0.0	0.0	0.0	0	0	0	0.19253606	0.021503106	0.037685305
755910384423436289	0.0	0.0	0.0	0	0	0	0.024694927	0.016164806	0.0419876
757492444846026753	0.0	0.0	0.0	0	0	0	0.029377643	0.014458197	0.028731218
786984485212389376	0.0	0.0	0.0	0	0	0	0.035362877	0.013680853	0.019897763
792539909097598980	0.0	0.0	0.0	0	0	0	0.050539356	0.014095637	0.017600521
805588979416371200	1.0	0.0	0.0	0	0	0	0.1700056	0.016617317	0.023666872
823658050833805313	1.0	0.0	0.0	0	0	0	0.19274253	0.020410594	0.022250129
843126626212855810	0.0	0.0	0.0	0	0	0	0.022868322	0.016082412	0.03044816
855333006227103744	1.0	0.0	0.0	0	0	0	0.17327212	0.017793944	0.022874087
867767699908075520	1.0	1.0	1.0	0	0	0	0.088809155	0.0141918985	0.01501197
868167534532595713	0.0	0.0	0.0	0	0	0	0.03716316	0.013648179	0.024307126
876112200162615298	0.0	0.0	0.0	0	0	0	0.089966916	0.014661829	0.018307695
877575894629572608	0.0	0.0	0.0	0	0	0	0.026609974	0.014582956	0.023260133
884812734830981122	0.0	0.0	0.0	0	0	0	0.062005926	0.014544272	0.020673098
888600954689523713	0.0	0.0	0.0	0	0	0	0.033062696	0.014599602	0.019766105
906632598943944705	0.0	0.0	0.0	0	0	0	0.02962164	0.014742044	0.020515501
912204811503902720	0.0	0.0	0.0	0	0	0	0.11614084	0.016058272	0.04243324
918119178590138374	0.0	0.0	0.0	0	0	0	0.025678955	0.014636912	0.024868691
920181140371238912	0.0	0.0	0.0	0	0	0	0.026198061	0.015795855	0.022570884
925059627653435392	0.0	0.0	0.0	0	0	0	0.062066514	0.015273301	0.015086325
960560806697062400	0.0	0.0	0.0	0	0	0	0.0952801	0.01562834	0.027757172
984129692788822016	0.0	0.0	0.0	0	0	0	0.10110846	0.015026947	0.02428771
996019697379348480	0.0	0.0	0.0	0	0	0	0.038047917	0.013869627	0.018790646
1004798074559123456	0.0	0.0	0.0	0	0	0	0.023557724	0.01488317	0.03439211
1018901117651087363	0.0	0.0	0.0	0	0	0	0.053487323	0.014003416	0.021729503
1025507467176931328	0.0	0.0	0.0	0	0	0	0.04195695	0.013700825	0.021319585
1036034401921105926	0.0	0.0	0.0	0	0	0	0.063854344	0.013202219	0.018417988
1051240138024529920	0.0	0.0	0.0	0	0	0	0.19041638	0.10962509	0.3771132
1053658867538821120	1.0	1.0	1.0	1	0	0	0.9156904	0.40636235	0.47398996
1100693775620268032	0.0	0.0	0.0	0	0	0	0.04825593	0.015115211	0.01902286
1103439929030397952	1.0	0.0	0.0	1	0	0	0.7255201	0.13955	0.3569885
1109183443152392193	0.0	0.0	0.0	0	0	0	0.035511922	0.01315408	0.026211899
1119677483723309057	0.0	0.0	0.0	0	0	0	0.04219216	0.013429069	0.019256948
1119868506428731392	0.0	0.0	0.0	0	0	0	0.030512461	0.015219064	0.019540053
1121022173420740608	0.0	0.0	0.0	0	0	0	0.03769969	0.013766332	0.02778328
1125122793698463745	0.0	0.0	0.0	0	0	0	0.051647473	0.014931164	0.015292498
1126495297171902465	0.0	0.0	0.0	1	0	0	0.6816749	0.062491283	0.14671935
1139163111775232001	1.0	0.0	0.0	1	0	0	0.8300054	0.10615422	0.13474014
1145516423382306816	0.0	0.0	0.0	0	0	0	0.045703936	0.01437495	0.021084068
1153774922746847232	0.0	0.0	0.0	0	0	0	0.035085157	0.01470197	0.018240862
1156470976558903296	0.0	0.0	0.0	0	0	0	0.10271891	0.014714331	0.032569177
1160166325161009152	0.0	0.0	0.0	0	0	0	0.11725329	0.013136098	0.02190815
1169834060039872512	0.0	0.0	0.0	0	0	0	0.041213825	0.013697689	0.017004412
1178718161438298112	0.0	0.0	0.0	0	0	0	0.044054873	0.014483304	0.018196702
1180316681148616704	0.0	0.0	0.0	0	0	0	0.06032223	0.014513602	0.022009736
1200775750858752000	0.0	0.0	0.0	0	0	0	0.028027533	0.015260949	0.02122702
1201884303988150272	0.0	0.0	0.0	0	0	0	0.029340524	0.013984854	0.026277497
1215026539009650689	0.0	0.0	0.0	1	0	0	0.61633646	0.099172264	0.24962725
1217846842895085568	0.0	0.0	0.0	0	0	0	0.4079301	0.038277578	0.0908216
1221955881572503552	0.0	0.0	0.0	0	0	0	0.06111248	0.013625808	0.01647158
1240717437601042433	1.0	0.0	0.0	1	0	0	0.94969183	0.36953765	0.41692427
1253704751138529280	0.0	0.0	0.0	0	0	0	0.44118515	0.027328974	0.055639
1258691712387624960	0.0	0.0	0.0	1	0	0	0.686108	0.0728823	0.12307877
1267582459991990275	0.0	0.0	0.0	0	0	0	0.04466978	0.0136867035	0.019124664
1279308740353720321	0.0	0.0	0.0	0	0	0	0.10766878	0.013440756	0.024069738
1293908940166594573	1.0	0.0	0.0	1	0	1	0.89154905	0.39158803	0.5282422
1298147871590514690	0.0	0.0	0.0	0	0	0	0.034269977	0.015548217	0.022050776
1303458590255017984	0.0	0.0	0.0	0	0	0	0.027771216	0.015155206	0.023687582
1306115169932603398	0.0	0.0	0.0	0	0	0	0.03534626	0.013532906	0.020594904
1325118370354769923	0.0	0.0	0.0	0	0	0	0.054291576	0.013367719	0.01671714
1340689510569549824	0.0	0.0	0.0	0	0	0	0.04066119	0.01678384	0.03250863
1344485313222041600	0.0	0.0	0.0	0	0	0	0.031884074	0.015039809	0.019885473
357516810666524675	1.0	0.0	0.0	1	0	0	0.9339062	0.39972514	0.45305118
402844901475618816	1.0	1.0	1.0	1	1	1	0.96076846	0.70091295	0.72809255
461827109309399040	1.0	0.0	1.0	1	0	0	0.90123886	0.30485976	0.37213108
466592730802429952	1.0	1.0	1.0	1	1	1	0.9498541	0.87078637	0.8998748
504923849348378625	1.0	0.0	0.0	1	0	0	0.9075502	0.160756	0.18593773
535561128215347200	0.0	0.0	0.0	1	0	0	0.84349614	0.08565844	0.10553436
535871782910459904	1.0	1.0	1.0	1	1	1	0.9650766	0.83532596	0.8450644
567527141903187968	1.0	1.0	1.0	1	0	1	0.93150306	0.4518758	0.5893094
684857088103727104	0.0	1.0	1.0	0	1	1	0.26045218	0.5368272	0.8558978
686914667562704896	0.0	1.0	1.0	0	1	1	0.35595986	0.89712083	0.959914
712280970926415872	0.0	1.0	1.0	0	1	1	0.4998169	0.92708284	0.96304893
715088923232317440	1.0	1.0	1.0	1	1	1	0.5598516	0.9131713	0.9714984
724305652646961152	1.0	0.0	0.0	1	0	0	0.92839557	0.20399702	0.2725903
759596994008641536	1.0	0.0	0.0	1	0	0	0.6645526	0.054739337	0.105495736
783684869314400256	1.0	0.0	0.0	1	1	1	0.7744116	0.72918874	0.9030653
804695983544221696	1.0	0.0	0.0	0	0	0	0.32367256	0.021607116	0.032208763
837671647721177088	1.0	1.0	1.0	1	1	1	0.5841369	0.89989173	0.9684474
862982829214507010	0.0	1.0	1.0	1	1	1	0.5428674	0.790565	0.9432417
931946740743327749	0.0	1.0	1.0	0	0	1	0.25857103	0.4573421	0.9020317
1044015982065471490	0.0	0.0	0.0	0	1	1	0.3827535	0.7894012	0.95884544
1095741834138185729	1.0	1.0	1.0	1	0	0	0.93007046	0.28191817	0.39291242
1240709465524953088	1.0	1.0	1.0	1	1	1	0.89923704	0.94361967	0.9431901
336431788618551297	0.0	0.0	0.0	0	0	0	0.017679129	0.015218072	0.019387338
344256820552011777	0.0	0.0	1.0	0	0	0	0.039539535	0.057778098	0.30300337
384330219496017920	0.0	0.0	0.0	0	0	0	0.022063987	0.015560614	0.016135914
384405549905092608	0.0	0.0	0.0	0	0	0	0.02299574	0.015719142	0.0137436
384881095906299904	0.0	0.0	0.0	0	0	0	0.022022154	0.01564216	0.016466314
394131909032161280	0.0	0.0	0.0	0	0	0	0.026340773	0.015257059	0.015651582
398893112812392449	0.0	0.0	0.0	0	0	0	0.22248451	0.085877694	0.17393367
405233809253089282	0.0	0.0	0.0	0	0	0	0.074306875	0.017579429	0.012305821
420227019985932289	0.0	0.0	0.0	0	0	0	0.019115401	0.022821276	0.049723674
440536137744936960	0.0	0.0	0.0	0	0	0	0.020080063	0.01564254	0.017627528
464442462573170688	0.0	0.0	0.0	0	0	0	0.033876896	0.015313953	0.015225024
465928890381500417	0.0	0.0	0.0	0	0	0	0.025910573	0.014462362	0.013915531
485168452219314177	0.0	0.0	0.0	0	0	0	0.022641877	0.014757718	0.015131169
488380082637910016	0.0	0.0	0.0	0	0	0	0.021175316	0.01608131	0.015244303
493775214762000384	0.0	0.0	0.0	0	0	0	0.016862098	0.01744805	0.018885477
513248243770482688	0.0	0.0	0.0	0	0	0	0.034383107	0.014776785	0.016197886
515861475529728000	0.0	0.0	0.0	0	0	0	0.024111962	0.01523989	0.017895056
520620915722182656	0.0	0.0	0.0	0	0	0	0.017264098	0.017103978	0.018096006
524573573403672576	0.0	0.0	0.0	0	0	0	0.020084266	0.01627859	0.019581355
527394348573655041	0.0	0.0	0.0	0	0	0	0.046392348	0.014112226	0.014105687
527805540475621377	0.0	0.0	0.0	0	0	0	0.034064483	0.016994629	0.031973116
533605714301050880	0.0	0.0	0.0	0	0	0	0.02003376	0.016428094	0.019197404
551868891665022977	1.0	1.0	1.0	1	1	1	0.83498466	0.94874865	0.9537359
558623676179156992	0.0	0.0	0.0	0	0	0	0.012760923	0.02286607	0.034514852
568800068360282112	0.0	0.0	1.0	0	0	1	0.06921361	0.27326682	0.75655246
570597474072727552	0.0	1.0	1.0	0	1	1	0.4267554	0.7424572	0.8721518
588344815856812032	0.0	0.0	0.0	0	0	0	0.058291133	0.014806261	0.019461263
589308960450039808	0.0	0.0	0.0	0	0	0	0.025927782	0.014226423	0.016000751
601417479961718784	0.0	0.0	0.0	0	0	0	0.025023622	0.055239625	0.15162711
616187058751713280	0.0	0.0	0.0	0	0	0	0.020892091	0.016464321	0.015499456
616821602412445696	0.0	0.0	0.0	0	0	0	0.036083862	0.014581811	0.021692121
623778651042091008	0.0	0.0	0.0	0	0	0	0.020510497	0.015875857	0.017262988
624192030542053377	0.0	0.0	0.0	0	0	0	0.019107528	0.015983416	0.015966687
652096793761710080	0.0	0.0	0.0	0	0	0	0.023067398	0.015336627	0.016547572
654119572350459905	0.0	0.0	0.0	0	0	0	0.022671517	0.041599013	0.109787904
659440948758228992	0.0	0.0	0.0	0	0	0	0.033742376	0.015717719	0.018001014
662067619055341569	0.0	1.0	1.0	1	1	1	0.52110445	0.9372555	0.971529
689879558158331904	0.0	0.0	0.0	0	0	0	0.056757163	0.014833704	0.011662302
694126869772423168	0.0	0.0	0.0	0	0	0	0.019083397	0.016079133	0.017075254
699373237302505472	0.0	0.0	0.0	0	0	0	0.06307749	0.01546523	0.01891844
704636168210673665	1.0	0.0	0.0	1	0	0	0.6064192	0.049432766	0.07579606
714752339819757568	1.0	1.0	1.0	1	1	1	0.8546151	0.9095374	0.92726916
730220333148540928	0.0	0.0	0.0	0	0	0	0.024891574	0.015568432	0.015516259
741149681686880256	0.0	0.0	0.0	0	0	0	0.017111504	0.017105991	0.021412354
747220048134053888	0.0	0.0	0.0	0	0	0	0.0326851	0.014674973	0.0131493835
754105913858985984	0.0	0.0	0.0	0	0	0	0.019220417	0.016267331	0.017257215
784080325077073920	0.0	0.0	0.0	0	0	0	0.017081827	0.016100774	0.020533359
788745486517829632	0.0	0.0	0.0	0	0	0	0.031148141	0.017977932	0.03471321
795710160933126144	1.0	1.0	1.0	1	0	0	0.9547293	0.47964016	0.39780667
802111021410320384	0.0	0.0	0.0	0	0	0	0.03941322	0.014794529	0.014732746
803346646570594304	0.0	0.0	0.0	0	0	0	0.034931414	0.01530504	0.018104875
808784310056714242	0.0	0.0	0.0	0	0	0	0.16176167	0.02567858	0.049625788
829033187225509888	0.0	0.0	0.0	0	0	0	0.024831187	0.014832903	0.014357395
851425636992339969	0.0	0.0	0.0	0	0	0	0.02483328	0.015319691	0.017247796
879799195368136704	0.0	0.0	0.0	0	0	0	0.3535571	0.022999372	0.023110839
887370991801913344	0.0	0.0	0.0	0	0	0	0.014825345	0.02057385	0.025860565
890968094054637568	0.0	0.0	0.0	0	0	0	0.021045107	0.015442218	0.018482223
900885408174571521	0.0	0.0	0.0	0	0	0	0.019241596	0.015571931	0.017363155
900929486543347712	0.0	0.0	0.0	0	0	0	0.05889764	0.015558826	0.012514754
911030122773385216	0.0	0.0	0.0	0	0	0	0.025817981	0.017292436	0.022154761
917749287114739713	0.0	0.0	0.0	0	0	0	0.020847868	0.01654101	0.016531633
923363392361869312	0.0	0.0	0.0	0	0	0	0.04951471	0.015328153	0.01492922
932007697712480256	0.0	0.0	0.0	0	0	0	0.025337605	0.01443432	0.015104083
958513597537181696	0.0	0.0	0.0	0	0	0	0.2805506	0.021037465	0.021513678
959173269403336704	0.0	0.0	0.0	0	0	0	0.018370042	0.01648867	0.022995526
982392279456473088	0.0	1.0	1.0	0	0	0	0.06634582	0.030725088	0.046192564
984451886647529472	0.0	0.0	0.0	0	0	0	0.04162308	0.0149783455	0.013530252
985580208924307456	1.0	1.0	1.0	0	1	1	0.2760553	0.77732205	0.9228096
999580941520658432	0.0	0.0	0.0	0	0	0	0.021563461	0.016361587	0.021952502
1043572719629955072	0.0	0.0	0.0	0	0	0	0.025324024	0.014476935	0.015783532
1046627062025474049	0.0	0.0	0.0	0	0	0	0.031304043	0.017038895	0.019715432
1083029105052930048	0.0	0.0	0.0	0	0	0	0.032444376	0.0153304925	0.018476192
1096821501859373056	0.0	0.0	0.0	0	0	0	0.023265092	0.015452318	0.014535373
1100908185286782976	0.0	0.0	0.0	0	0	0	0.015381409	0.01896788	0.027728412
1102716650045009921	0.0	0.0	0.0	1	0	0	0.5843182	0.043316755	0.07437176
1105136902481592321	1.0	0.0	0.0	0	0	0	0.14856625	0.014725189	0.018609684
1109164098065965056	0.0	0.0	0.0	0	0	0	0.03576253	0.014888113	0.0132958265
1110781653889089536	1.0	1.0	1.0	1	0	0	0.8819954	0.1565211	0.18932347
1162536049202958336	0.0	0.0	0.0	0	0	0	0.030046942	0.015558775	0.016899347
1201567583192977410	0.0	0.0	0.0	0	0	0	0.023541942	0.017891562	0.025157806
1210454219200679938	0.0	0.0	0.0	0	0	0	0.015235173	0.018846245	0.02227328
1212020623943311360	0.0	0.0	0.0	0	0	0	0.024047079	0.015674636	0.020486293
1215829509175267329	0.0	0.0	0.0	0	0	0	0.051322494	0.015304284	0.014157012
1234673502008954881	0.0	0.0	0.0	0	0	0	0.029014008	0.015815936	0.022243697
1235763801473024004	0.0	0.0	1.0	0	0	0	0.041509613	0.06688955	0.20548645
1239612978640474112	0.0	0.0	0.0	0	0	0	0.017391067	0.017642513	0.021541324
1243664630171332610	0.0	0.0	0.0	0	0	0	0.022713758	0.015458095	0.014538182
1252077994035875841	0.0	0.0	0.0	0	0	0	0.019152947	0.016329769	0.017254004
1271849375451377664	0.0	0.0	0.0	0	0	0	0.09332531	0.014987672	0.0221765
1284374602873880577	0.0	0.0	0.0	0	0	0	0.025553534	0.014778644	0.016851867
1334503197428297730	0.0	0.0	0.0	0	0	0	0.018939674	0.015645353	0.020251423
345226308780974081	1.0	0.0	0.0	1	0	0	0.8245175	0.06526182	0.09352605
442142644257320960	0.0	1.0	1.0	1	1	1	0.83451116	0.82671577	0.8704998
458622450537074688	1.0	0.0	0.0	1	1	1	0.8849365	0.896796	0.91645986
496963334198292480	1.0	0.0	0.0	1	0	0	0.8824567	0.114065155	0.14933394
544215268353134595	1.0	0.0	1.0	1	0	0	0.9338228	0.3201341	0.31073627
628264846497292288	1.0	1.0	1.0	1	1	1	0.9122939	0.95249456	0.9281964
685469159430336512	1.0	1.0	1.0	1	1	1	0.7027435	0.9528085	0.9744409
704232939643662337	0.0	1.0	1.0	0	0	0	0.05793867	0.03147387	0.023097336
715051441631547392	1.0	1.0	1.0	1	1	1	0.95742977	0.69598025	0.6769695
724974398617214976	1.0	1.0	1.0	1	1	1	0.9031119	0.86068654	0.86736125
742368248600002560	0.0	0.0	1.0	0	0	1	0.41124898	0.4305268	0.7473297
862030957385310208	1.0	0.0	0.0	1	0	0	0.8204498	0.089117035	0.09308542
864571933886730242	0.0	0.0	0.0	1	0	0	0.86564267	0.10319165	0.120701894
913722549770637312	0.0	0.0	1.0	1	1	1	0.73381656	0.9373348	0.95883745
994427644048535552	0.0	1.0	1.0	0	0	0	0.4793893	0.2089978	0.42141637
1041883572762759168	0.0	0.0	0.0	0	0	0	0.26978424	0.027473258	0.045462124
1057494120443326466	1.0	0.0	1.0	1	0	0	0.93728006	0.41212022	0.40543985
1174979557473972224	1.0	1.0	1.0	1	1	1	0.9625664	0.89143306	0.8391396
1223777572619800582	1.0	1.0	1.0	1	1	1	0.95780265	0.8176267	0.78924775
1235690411026345984	1.0	0.0	0.0	0	0	0	0.27931607	0.028001135	0.07600982
1311604337756581888	0.0	1.0	1.0	1	1	1	0.63375634	0.9513904	0.9674471
1334539147579707392	1.0	1.0	1.0	1	1	1	0.8844032	0.9556395	0.944343
344906283360591873	1.0	0.0	0.0	1	0	0	0.92572623	0.10002137	0.102892995
348110995861954560	0.0	0.0	0.0	0	0	0	0.032973766	0.013811735	0.016073205
354781851375763456	0.0	0.0	0.0	0	0	0	0.017238744	0.016993044	0.027154598
358829145460969473	0.0	0.0	0.0	0	0	0	0.022830969	0.014232571	0.022284087
359184948294467584	0.0	0.0	0.0	0	0	0	0.022708246	0.015688505	0.018601
380010167581962240	0.0	0.0	0.0	0	0	0	0.022208543	0.014722995	0.018154658
396020068423065600	0.0	0.0	0.0	0	0	0	0.0442157	0.013111043	0.01661388
398716322193764352	0.0	0.0	0.0	0	0	0	0.020368678	0.015618696	0.019987866
402941487509671936	0.0	0.0	0.0	0	0	0	0.024857016	0.014615403	0.020340707
403892923831291905	0.0	0.0	0.0	0	0	0	0.30462688	0.02062437	0.020943424
430147526222970881	0.0	0.0	0.0	0	0	0	0.021550514	0.014977538	0.022060022
431083759085969408	0.0	0.0	0.0	1	0	0	0.9295495	0.10197958	0.109771706
437737194787061760	1.0	0.0	0.0	1	0	0	0.8884005	0.07024953	0.06353401
440497667790360576	0.0	0.0	0.0	0	0	0	0.04054127	0.012763532	0.014089622
461347905081597952	0.0	0.0	0.0	0	0	0	0.019216299	0.015478988	0.02340963
477571422391656448	0.0	0.0	0.0	0	0	0	0.0522324	0.012278362	0.015533844
483587157677064192	0.0	0.0	0.0	0	1	1	0.25097263	0.70156634	0.92199
487505910097395713	0.0	0.0	0.0	0	0	0	0.024401478	0.017441422	0.02848956
488482672965341184	0.0	0.0	0.0	0	0	0	0.016798938	0.0155772315	0.02739765
496878982545952769	0.0	0.0	0.0	0	0	0	0.020562353	0.015555742	0.02049935
498266865157025792	0.0	0.0	0.0	0	0	0	0.042744484	0.03225759	0.07112767
527782174037389312	0.0	0.0	0.0	0	0	0	0.23604517	0.03539216	0.037246197
545101981979639808	0.0	0.0	0.0	0	0	0	0.021726219	0.015580986	0.022270933
550993408467038208	0.0	0.0	0.0	0	0	0	0.02088972	0.014920409	0.02088431
551634077766254593	0.0	0.0	0.0	0	0	0	0.020066097	0.016098803	0.02240762
555064439607529472	0.0	0.0	0.0	0	0	0	0.028756538	0.014559689	0.0193869
557823691871244288	0.0	0.0	0.0	0	0	0	0.016316524	0.01687862	0.026215667
586896526837972992	1.0	1.0	1.0	1	1	1	0.95740736	0.7936486	0.75631595
610995064030953472	1.0	0.0	0.0	1	0	0	0.7891409	0.045214564	0.067989595
614895100007571460	0.0	0.0	0.0	0	0	0	0.0169168	0.016048012	0.024538783
624194981440409600	0.0	0.0	0.0	0	0	0	0.014033416	0.02885889	0.082526125
630798260672811008	0.0	0.0	0.0	0	0	0	0.029884793	0.014387148	0.016419465
642542420907810816	0.0	0.0	0.0	0	0	0	0.07459634	0.013769159	0.018540755
654672394204786689	0.0	0.0	0.0	0	0	0	0.04434635	0.014151981	0.018223135
675394604766728192	0.0	0.0	0.0	0	0	0	0.018089639	0.015926864	0.022264933
676349341611765760	0.0	0.0	0.0	0	0	0	0.0148352785	0.01702017	0.029220093
683166167733768192	0.0	0.0	0.0	0	0	0	0.024564339	0.01446419	0.020685019
698167540619616256	0.0	0.0	0.0	0	0	0	0.017987171	0.016678149	0.027576387
707256259205013510	0.0	0.0	0.0	0	0	0	0.02408497	0.014422521	0.017443195
724644747306897409	0.0	0.0	0.0	0	0	0	0.015902825	0.016812952	0.03248896
731551352518787073	0.0	0.0	0.0	0	0	0	0.018624652	0.015197467	0.024197794
733637234432188416	0.0	0.0	0.0	0	0	0	0.02157627	0.016759327	0.024253266
742004388256976898	0.0	0.0	0.0	0	0	0	0.14705767	0.014227856	0.014875474
742740803462660096	0.0	0.0	0.0	0	0	0	0.013733694	0.019040953	0.038562015
745593603934785536	0.0	0.0	0.0	0	0	0	0.021616861	0.014656126	0.020406917
764934703048691712	0.0	0.0	0.0	0	0	0	0.040868897	0.014391957	0.016942631
774940559324700672	0.0	0.0	0.0	0	0	0	0.018308384	0.017641472	0.031723615
781240324068823041	0.0	0.0	0.0	0	0	0	0.2933983	0.019440798	0.023582844
783315619806576640	0.0	0.0	0.0	1	0	0	0.5243404	0.030674338	0.029838793
783365191459147776	0.0	0.0	0.0	0	0	0	0.019963987	0.015924165	0.027471587
786661009012424705	0.0	0.0	0.0	0	0	0	0.017275995	0.046868596	0.12531726
788425946995064832	0.0	0.0	0.0	0	0	0	0.048106693	0.013572264	0.013470315
795078113868783616	1.0	0.0	0.0	1	0	0	0.8807964	0.0659526	0.07388333
809402458514419713	0.0	0.0	0.0	0	0	0	0.020968458	0.01493881	0.020764247
826607463831003136	0.0	0.0	0.0	0	0	0	0.03493489	0.015035686	0.021367129
836660703025070080	0.0	0.0	0.0	0	0	0	0.016375344	0.017975524	0.0367331
854759368062943232	0.0	0.0	0.0	0	0	0	0.023415418	0.013892394	0.018683752
863330963123732480	0.0	0.0	0.0	0	0	0	0.024726963	0.014879059	0.021173075
866052305094946817	0.0	0.0	0.0	0	0	0	0.14501794	0.062303714	0.15606974
879156426467295233	0.0	0.0	0.0	0	0	0	0.07396798	0.011951341	0.014299311
882983426822995968	0.0	0.0	0.0	0	0	0	0.040933993	0.014446223	0.028440358
898900483389009921	0.0	0.0	0.0	0	0	0	0.06715864	0.014773549	0.019869952
910036033378627585	0.0	0.0	0.0	0	0	0	0.026236948	0.014744379	0.017702729
912801505777995780	0.0	0.0	0.0	0	0	0	0.025633302	0.013029023	0.021326778
919682487667785728	0.0	0.0	0.0	0	0	0	0.02273887	0.014821605	0.019242829
949598276751261697	0.0	0.0	0.0	0	0	0	0.01445037	0.018010354	0.031152382
978594058766569472	0.0	0.0	0.0	0	0	0	0.079619296	0.013583505	0.014698777
984081688987758593	0.0	0.0	0.0	0	0	0	0.015563243	0.01956473	0.035790708
989948844988235776	0.0	0.0	0.0	0	0	0	0.046527356	0.18806708	0.46590912
1000531199800950784	0.0	0.0	0.0	0	0	0	0.024196032	0.014627796	0.017337296
1035900087732514821	0.0	0.0	0.0	0	0	0	0.015864698	0.01721648	0.031951018
1050446156298416129	1.0	0.0	0.0	1	1	1	0.8915446	0.766529	0.82758147
1054671640737525761	0.0	0.0	0.0	0	0	0	0.024702389	0.014871778	0.019118037
1057366262974562304	0.0	0.0	0.0	0	0	0	0.013630794	0.018632667	0.035055395
1078630125963436032	0.0	0.0	0.0	0	0	0	0.028005898	0.013893877	0.019148001
1080904877348290560	0.0	0.0	0.0	0	0	0	0.019661581	0.015570603	0.024812428
1086432579979485184	0.0	0.0	0.0	0	0	0	0.16148423	0.014967861	0.012941092
1106858483935109120	0.0	0.0	0.0	0	0	0	0.026749734	0.015209626	0.02270176
1112786198295203845	0.0	0.0	0.0	0	0	0	0.020898677	0.0148786055	0.020697702
1132873918740684804	0.0	0.0	0.0	0	0	0	0.016763171	0.016417833	0.028824495
1153715519796781057	0.0	0.0	0.0	0	0	0	0.01899174	0.014340663	0.023322545
1168433176265539584	0.0	0.0	0.0	0	0	0	0.018639576	0.016083267	0.02612574
1182760738097643520	0.0	0.0	0.0	0	0	0	0.052010573	0.013710373	0.017159017
1186009290248769536	0.0	0.0	0.0	0	0	0	0.016524153	0.01597418	0.028183186
1190798721795141632	0.0	0.0	0.0	0	0	0	0.03621523	0.013856238	0.015769336
1215562592573243392	0.0	0.0	0.0	0	0	0	0.025257213	0.013552806	0.017665427
1240271637808910337	0.0	0.0	0.0	0	0	0	0.02812875	0.013142158	0.019468555
1242290909951082496	0.0	0.0	0.0	0	0	1	0.10892448	0.4301702	0.755936
1254782809157169157	0.0	0.0	0.0	0	0	0	0.028559573	0.016375905	0.027170207
1275054136174796800	0.0	0.0	0.0	0	0	0	0.028157	0.014405226	0.020474596
1326974458939191297	1.0	1.0	1.0	1	1	1	0.7632489	0.9318368	0.9398076
403454747287359488	1.0	0.0	0.0	1	1	1	0.9482699	0.629093	0.60014516
562411971963015168	0.0	1.0	1.0	0	1	1	0.18121262	0.6117748	0.8759526
614254522320334852	0.0	1.0	1.0	1	1	1	0.7476671	0.92652816	0.9645384
647419303193501699	0.0	1.0	1.0	1	1	1	0.7539449	0.93361676	0.9514105
666597421250580480	0.0	1.0	1.0	1	1	1	0.8748351	0.57562953	0.7354255
685644296754565120	0.0	1.0	1.0	0	1	1	0.25621	0.8289659	0.9342185
689938236442087424	1.0	0.0	0.0	1	1	1	0.9363387	0.89280754	0.92900205
705329755093135360	0.0	1.0	1.0	1	1	1	0.6361622	0.89304477	0.95844394
710072387220475904	0.0	1.0	1.0	0	1	1	0.13928352	0.6595992	0.89308393
710962814018568193	0.0	0.0	1.0	0	1	1	0.30851367	0.7740313	0.93514687
926199455652687874	1.0	1.0	1.0	1	1	1	0.68585443	0.92890286	0.9619111
934472788907212801	1.0	0.0	0.0	1	0	0	0.93250966	0.108996615	0.111662276
945702498295209984	0.0	1.0	1.0	0	1	1	0.22973469	0.8065196	0.9351128
1009228722472271873	0.0	1.0	1.0	0	1	1	0.2706975	0.8046082	0.9073515
1022709462996537344	1.0	0.0	0.0	1	0	0	0.94969946	0.10497991	0.13355805
1060902346450853889	1.0	1.0	1.0	1	1	1	0.9139054	0.8939431	0.9269384
1146246937034842114	1.0	0.0	0.0	1	0	0	0.93905413	0.37908596	0.3777768
1199320698877071360	1.0	1.0	1.0	1	1	1	0.89933527	0.937866	0.96196
1218137579767332865	0.0	1.0	1.0	0	1	1	0.34370187	0.77621794	0.93457574
1240275043810148352	1.0	1.0	1.0	0	1	1	0.37007987	0.7704848	0.9141838
1282230440326238214	1.0	1.0	1.0	1	1	1	0.93580097	0.8907285	0.921533
1310927408644739081	1.0	1.0	1.0	1	1	1	0.9267562	0.9198731	0.9429986
316669998137483264	0.0	0.0	0.0	0	0	0	0.13015977	0.016090512	0.014529196
328524426658328576	1.0	0.0	0.0	1	1	1	0.8638917	0.783164	0.85504794
361218917303193600	0.0	0.0	0.0	0	0	0	0.1201994	0.023855655	0.030420616
364157346026500096	0.0	0.0	0.0	0	0	0	0.028754793	0.017027598	0.018914089
405903081738469376	0.0	0.0	0.0	0	0	0	0.062078904	0.014234585	0.018252961
427042365522870272	0.0	0.0	0.0	0	0	0	0.035294197	0.015425197	0.016348138
435574632641757184	0.0	0.0	0.0	0	0	0	0.03705709	0.01643698	0.017945072
456139274162028544	0.0	0.0	0.0	0	0	0	0.091631055	0.020855824	0.023661515
466216322750091264	1.0	0.0	0.0	0	0	0	0.21952002	0.027023496	0.028978752
470338351090778112	0.0	0.0	0.0	0	0	0	0.19452447	0.021666484	0.025285726
473924366242021376	0.0	1.0	1.0	0	1	1	0.20287594	0.5656232	0.9075648
476878532141137920	0.0	0.0	0.0	0	0	0	0.18360656	0.022340534	0.024332572
481343104364969984	0.0	0.0	0.0	1	0	1	0.8935463	0.41988176	0.58715516
493121404897095680	0.0	0.0	0.0	0	0	0	0.025098277	0.015965587	0.021130143
497168934798630913	0.0	0.0	0.0	0	0	0	0.020349411	0.019091113	0.024827715
499772888715894784	0.0	0.0	0.0	0	0	0	0.038299475	0.014774867	0.017207269
501656858562928640	0.0	0.0	0.0	0	0	0	0.023562541	0.018761843	0.033099543
526715558562385920	0.0	0.0	0.0	0	0	0	0.027559893	0.016476449	0.02366006
552022197703700481	0.0	0.0	0.0	0	0	0	0.028990146	0.016344912	0.018438755
557196211401150466	0.0	0.0	0.0	0	0	0	0.052486487	0.01434346	0.015247426
559917547152506880	0.0	0.0	0.0	0	0	0	0.023542486	0.021265244	0.027552571
581216982026063872	0.0	0.0	0.0	0	0	0	0.15932322	0.018699761	0.01916143
592145135711887361	0.0	0.0	0.0	0	0	0	0.02698972	0.018024283	0.023375144
599179022552145920	0.0	1.0	1.0	0	0	1	0.052168198	0.25281167	0.73735386
601024654765985792	0.0	0.0	1.0	0	0	0	0.17408773	0.03115293	0.15595905
603196275853500418	0.0	0.0	0.0	0	0	0	0.021168213	0.017600685	0.024704132
618456205317513217	0.0	0.0	0.0	0	0	0	0.050947297	0.014155442	0.015012062
625887657617309696	0.0	0.0	0.0	0	0	0	0.024116958	0.017741859	0.02188039
625919376051564544	0.0	0.0	0.0	0	0	0	0.024865434	0.017057898	0.021654602
682410908203782144	0.0	0.0	0.0	0	0	0	0.023109151	0.017310254	0.02162636
704633718703521792	0.0	0.0	0.0	0	0	0	0.017680494	0.02887271	0.057389867
715020476368752640	0.0	0.0	0.0	0	0	0	0.06677	0.045278512	0.07752746
727416775382458368	0.0	0.0	0.0	0	0	0	0.02610718	0.019888567	0.029379213
732559294089072641	0.0	0.0	0.0	0	0	0	0.20159124	0.022497365	0.032693412
747635543656259585	0.0	0.0	0.0	0	0	0	0.02495925	0.022143327	0.030842707
749586697478819840	0.0	0.0	0.0	0	0	0	0.076275036	0.014071364	0.020282868
769950776055717889	0.0	0.0	0.0	0	0	0	0.020806642	0.02118563	0.04218214
777950279291506688	0.0	0.0	0.0	1	0	0	0.51800436	0.02873706	0.025234917
780128007243431936	0.0	0.0	0.0	0	0	0	0.031883765	0.017435089	0.019242791
788762451789680641	0.0	0.0	0.0	0	0	0	0.20150608	0.036658645	0.076182656
789032439154937856	0.0	0.0	0.0	0	0	0	0.02467498	0.03708456	0.09569965
801944872450146304	0.0	0.0	0.0	0	0	0	0.026714476	0.017093481	0.020531883
804233493811261440	0.0	0.0	0.0	0	0	0	0.3838291	0.022752216	0.02960847
826562278627618817	0.0	0.0	0.0	0	0	0	0.018123511	0.04414613	0.10012637
827372324533915648	0.0	0.0	0.0	0	0	0	0.03838532	0.03948917	0.14709611
839180678629486592	0.0	0.0	0.0	0	0	0	0.06843707	0.020284837	0.041403502
857656545974398976	1.0	0.0	0.0	0	0	0	0.4782485	0.037828732	0.06672968
873937360127275008	1.0	0.0	0.0	1	0	0	0.65698975	0.08098467	0.11995472
878021959518363648	1.0	0.0	0.0	1	0	0	0.63592815	0.11287057	0.17411761
889171082237935617	0.0	0.0	0.0	0	0	0	0.024800131	0.01812168	0.026583487
890144022366498816	0.0	0.0	0.0	0	0	0	0.020076718	0.0326891	0.05005364
914779556288110593	0.0	0.0	0.0	0	0	0	0.023306236	0.02620853	0.04463048
915199959787438080	0.0	0.0	0.0	0	0	0	0.06522262	0.014313949	0.015122814
927620355103055878	0.0	0.0	0.0	0	0	0	0.02759278	0.020314762	0.027818646
928389925980033024	0.0	0.0	0.0	0	0	0	0.1286651	0.018895905	0.022042694
930058717906833408	0.0	1.0	1.0	1	1	1	0.66416293	0.9571548	0.96221733
935885180786573312	0.0	0.0	0.0	0	0	0	0.028427927	0.019463977	0.026959809
951053751187488769	1.0	1.0	1.0	1	1	1	0.78195816	0.95145947	0.9621646
974712259774767105	0.0	0.0	0.0	0	0	0	0.023286592	0.019200902	0.025111957
1007547561568325633	0.0	0.0	0.0	0	0	0	0.043074194	0.01415069	0.018010546
1023530322154139648	0.0	0.0	0.0	0	0	0	0.032233965	0.016090874	0.021549707
1042581032828981249	1.0	0.0	1.0	0	0	0	0.020566659	0.029132916	0.055678662
1063890981001547779	0.0	0.0	0.0	0	0	0	0.02352476	0.018756846	0.024826953
1075423907715399681	0.0	0.0	0.0	0	0	0	0.07394997	0.050528668	0.13771072
1078774871386177537	1.0	1.0	1.0	1	0	1	0.7095981	0.34783596	0.5219973
1084993614915227649	0.0	0.0	0.0	0	0	0	0.027112205	0.015756791	0.020103974
1099042453485768704	0.0	0.0	0.0	0	0	0	0.02134716	0.021825537	0.03296236
1108153258189733888	0.0	0.0	0.0	0	0	0	0.023588182	0.016755698	0.025292989
1109583595293868032	0.0	0.0	0.0	0	0	0	0.078612626	0.035484742	0.06679953
1112196692051320833	0.0	0.0	1.0	0	0	0	0.038509186	0.09764652	0.36690402
1113384502615781376	0.0	0.0	0.0	0	0	0	0.017469065	0.033324156	0.07213421
1118968215512727552	1.0	1.0	1.0	1	1	1	0.7762378	0.79027534	0.866549
1148123355297529856	0.0	0.0	0.0	1	0	0	0.66374284	0.049659465	0.0697055
1148953093494779904	0.0	0.0	0.0	0	1	1	0.31831494	0.85492676	0.9424305
1165354691066249217	0.0	0.0	0.0	0	0	0	0.04239293	0.013959918	0.019353662
1167443602986823681	0.0	0.0	0.0	0	0	0	0.043830935	0.015795602	0.02337789
1171510188160864257	0.0	0.0	0.0	0	0	0	0.030812196	0.017159024	0.021924416
1181989000464273408	0.0	0.0	0.0	0	0	0	0.49324223	0.028796202	0.032752477
1182847876487008258	0.0	0.0	0.0	0	0	0	0.06515663	0.018477472	0.027136942
1192981893307752449	0.0	0.0	0.0	0	0	0	0.048737966	0.014459202	0.015098698
1210891529906204673	0.0	0.0	0.0	0	0	0	0.019734954	0.025374457	0.03634705
1244278621734195201	0.0	0.0	0.0	0	0	0	0.13757606	0.01807903	0.024225244
1249736224933175296	1.0	0.0	0.0	1	0	0	0.86001474	0.2862766	0.47712263
1251641386891448331	0.0	0.0	0.0	0	0	0	0.026127877	0.016404795	0.021763861
1255907874871472129	1.0	0.0	0.0	1	1	1	0.73845136	0.9305966	0.9608995
1274129617520033792	1.0	1.0	1.0	1	1	1	0.6776249	0.9545492	0.96552014
1279866280384753664	0.0	0.0	0.0	0	0	0	0.07763098	0.014378167	0.01518303
1283008791957602304	0.0	0.0	0.0	0	0	0	0.10147274	0.024000205	0.03481079
1288232344373956610	0.0	0.0	0.0	0	0	0	0.029475683	0.015810532	0.022882845
1308876263218647041	0.0	0.0	0.0	0	0	0	0.04086831	0.014909458	0.016314348
1318090325223591937	0.0	0.0	0.0	0	0	0	0.024148744	0.018946936	0.023500811
1318601063210123270	0.0	0.0	0.0	0	0	0	0.12595321	0.016963454	0.016909553
322030931022065664	1.0	0.0	0.0	1	0	0	0.8831113	0.20686391	0.34552678
334350038090276864	0.0	1.0	1.0	1	1	1	0.77035326	0.95575076	0.96012014
369662835972141056	1.0	0.0	0.0	1	0	0	0.8961826	0.23042226	0.26387972
455624643052056576	0.0	1.0	1.0	1	1	1	0.704457	0.9505649	0.95676607
509058030869413888	1.0	1.0	1.0	1	1	1	0.5603113	0.9334729	0.9585993
509873947156807680	0.0	1.0	1.0	0	1	1	0.4044401	0.9194016	0.9628773
602178954267525122	1.0	0.0	0.0	1	0	0	0.8776507	0.10727092	0.121036276
662527981668007936	0.0	1.0	1.0	1	1	1	0.67086947	0.9525486	0.96232617
688865694222401537	0.0	1.0	1.0	1	1	1	0.64057153	0.95134974	0.9649755
707972018344431616	0.0	0.0	1.0	0	0	1	0.28236976	0.47834653	0.81754166
798547230353489920	1.0	1.0	1.0	0	0	1	0.03514209	0.14732483	0.5191982
832017314908405760	0.0	1.0	1.0	1	1	1	0.5352115	0.94880295	0.97061557
940635650746978305	1.0	1.0	1.0	1	1	1	0.7978758	0.9601376	0.963863
954696390352842753	0.0	0.0	0.0	1	1	1	0.54409677	0.6986938	0.90268105
998036087229571078	1.0	0.0	0.0	1	0	0	0.8463295	0.09682334	0.10297304
1000441528823762944	0.0	0.0	1.0	0	0	0	0.03207611	0.09793363	0.29831016
1115564965652574208	1.0	0.0	1.0	1	1	1	0.70656943	0.95716417	0.967749
1149595223250485248	0.0	1.0	1.0	1	1	1	0.55885863	0.908638	0.9694177
1241882971369541633	1.0	1.0	1.0	0	1	1	0.426165	0.8836865	0.96303767
1250620117337030656	1.0	0.0	0.0	1	0	0	0.8567543	0.09176459	0.13386716
1273308506804948992	1.0	0.0	0.0	1	0	0	0.94676703	0.4310591	0.44667313
333266791960809472	1.0	1.0	1.0	1	1	1	0.93838423	0.9621013	0.9511943
339453990179844097	0.0	0.0	0.0	0	0	0	0.020662062	0.016574733	0.017579263
411247736525434880	1.0	1.0	1.0	1	0	0	0.89864033	0.27597612	0.38563398
416820259471892481	0.0	0.0	0.0	0	0	0	0.0351806	0.015898684	0.013519329
418044514138591232	0.0	0.0	0.0	0	0	0	0.04467033	0.014667754	0.014591186
424003986866200576	0.0	0.0	0.0	0	0	0	0.019403854	0.016132843	0.018566864
484910242463891457	0.0	0.0	0.0	0	0	0	0.02427747	0.015665751	0.016120456
488514739241504768	0.0	0.0	0.0	0	0	0	0.050284736	0.015116467	0.012590804
493202938840367105	0.0	0.0	0.0	0	0	0	0.01851576	0.015765622	0.021105755
506084376719798272	0.0	0.0	0.0	0	0	0	0.016067775	0.01667133	0.02710667
523665628230479872	0.0	0.0	0.0	0	0	0	0.02672028	0.016369548	0.014840968
534563454095728640	1.0	0.0	0.0	0	0	0	0.104466766	0.015287607	0.014319158
599657600272084992	0.0	0.0	0.0	0	0	0	0.02387818	0.0150623815	0.018979443
606626544438550528	0.0	0.0	0.0	0	0	0	0.017881703	0.015735876	0.022050507
607583719138971648	0.0	0.0	0.0	0	0	0	0.021866571	0.0139926355	0.02440145
616862956752519170	0.0	0.0	0.0	0	0	0	0.025555471	0.014502189	0.016911019
648267629103288320	0.0	0.0	0.0	1	0	0	0.7315025	0.06381917	0.1277228
658984052213555200	0.0	0.0	0.0	0	0	0	0.018451208	0.019670144	0.04369683
665652255803092992	0.0	0.0	0.0	0	0	0	0.03322413	0.0152646825	0.014297806
672548895365427200	0.0	0.0	0.0	0	0	0	0.034915857	0.014845813	0.013550858
673022776182112257	1.0	0.0	0.0	1	0	0	0.90077376	0.09334234	0.1240259
674730542529687552	1.0	1.0	1.0	1	1	1	0.809163	0.87758267	0.9370623
691530977256943616	0.0	1.0	1.0	0	1	1	0.3377868	0.9102806	0.96110344
698631183782060032	0.0	0.0	0.0	0	0	0	0.019667339	0.01564967	0.027689146
732744560707657729	0.0	0.0	0.0	0	0	0	0.030674338	0.015686132	0.01481692
736897915700936704	0.0	0.0	0.0	0	0	0	0.023300778	0.014933913	0.020251432
741038054446600192	0.0	0.0	0.0	1	0	0	0.8763843	0.06716721	0.07509978
742975214720552961	1.0	1.0	1.0	1	1	1	0.92051935	0.95947707	0.95691437
747277094246195201	0.0	0.0	0.0	0	0	0	0.020052845	0.0159802	0.019384008
755407398551097345	0.0	0.0	0.0	0	0	0	0.018119011	0.015890196	0.028264696
771516752169619456	0.0	0.0	0.0	0	0	0	0.018842846	0.016694069	0.019945644
799300082747129856	0.0	0.0	0.0	0	0	0	0.017911347	0.015531555	0.024651542
808672080690483200	0.0	1.0	1.0	1	1	1	0.8163658	0.9603759	0.9648457
817079729740189696	0.0	0.0	0.0	0	0	0	0.019312412	0.015268698	0.020106526
831569149302231040	0.0	0.0	0.0	1	0	0	0.6138635	0.047639765	0.05446965
837670504236531716	0.0	0.0	0.0	0	0	0	0.051275026	0.048730258	0.3270031
853358642472550400	0.0	0.0	0.0	0	0	0	0.07573668	0.014724109	0.013197349
864895567956029440	1.0	1.0	1.0	1	1	1	0.8896125	0.79422337	0.85293025
869525137917399040	0.0	0.0	0.0	0	0	0	0.01659334	0.016787576	0.022022191
879439969785348096	0.0	0.0	0.0	0	0	0	0.028449723	0.014817072	0.015147833
886227172784050179	0.0	0.0	0.0	0	0	0	0.026799312	0.014508589	0.017340837
887340687343067136	1.0	1.0	1.0	1	1	1	0.8305271	0.9681074	0.9625177
888135615929364481	0.0	0.0	0.0	0	0	0	0.041371435	0.013788872	0.021299902
906920210757758976	0.0	0.0	0.0	0	0	0	0.018973805	0.01587301	0.027735325
918080783948140544	0.0	0.0	0.0	0	0	0	0.018362265	0.015252503	0.025895324
919340097409028096	1.0	0.0	0.0	0	0	0	0.38156176	0.025269687	0.017999092
927672334470844417	1.0	0.0	0.0	0	0	0	0.048466712	0.015820678	0.014899041
944259861877067776	0.0	0.0	0.0	0	0	0	0.01750498	0.01567844	0.023016576
949254176651046912	0.0	0.0	0.0	0	0	0	0.023622429	0.015506924	0.026299218
953043423531012097	0.0	0.0	0.0	0	0	0	0.056873325	0.017046053	0.018788725
963878582450876417	0.0	0.0	0.0	0	0	0	0.04727365	0.014458672	0.013240746
981517493813510144	0.0	0.0	0.0	0	0	0	0.013462638	0.020008154	0.045280326
982982603727888384	0.0	0.0	0.0	0	0	0	0.024814546	0.014731058	0.01619167
985407453939601408	0.0	0.0	0.0	0	0	0	0.0171967	0.016583461	0.030628925
987775293745258496	0.0	0.0	0.0	0	0	0	0.020861251	0.015274479	0.017941047
988759021606916096	0.0	0.0	0.0	0	0	0	0.038134325	0.015684182	0.0234052
994593066769178629	0.0	0.0	0.0	0	0	0	0.027087813	0.014625906	0.016499035
1009906327362199552	1.0	1.0	1.0	1	1	1	0.79730433	0.96736676	0.96079534
1024640058354163712	1.0	1.0	1.0	1	0	0	0.9744373	0.47343868	0.49993598
1032006490138136576	0.0	0.0	0.0	0	0	0	0.041516017	0.014583819	0.014168003
1050571507271897088	0.0	0.0	0.0	1	0	0	0.609308	0.032588053	0.03163815
1054678418745376768	0.0	0.0	0.0	0	0	0	0.042470925	0.017297085	0.055197332
1057927990280118272	0.0	0.0	0.0	0	0	0	0.018390521	0.016464392	0.020202646
1067638360938700800	0.0	0.0	0.0	0	0	0	0.034369867	0.015017133	0.0142564
1071138514270601217	0.0	0.0	0.0	0	0	0	0.016578697	0.015912976	0.025102375
1074020231293456384	1.0	0.0	0.0	0	0	0	0.051001124	0.015452245	0.012941963
1078744324119048192	0.0	0.0	0.0	0	0	0	0.01699799	0.03736291	0.15426725
1093495316702212096	0.0	0.0	0.0	0	0	0	0.031862006	0.017388534	0.05012581
1098255359859281920	0.0	0.0	0.0	0	0	0	0.25313202	0.02298313	0.016701663
1102899669145972736	0.0	0.0	0.0	0	0	0	0.08808824	0.016160225	0.019632006
1140346922684882945	0.0	0.0	0.0	0	0	0	0.021117434	0.01490336	0.019069107
1145304535532883970	0.0	0.0	0.0	0	0	0	0.19146651	0.019769417	0.0139797535
1155539525411778560	0.0	0.0	0.0	0	0	0	0.03002752	0.015188471	0.015208232
1197963909015179264	0.0	0.0	0.0	0	0	0	0.023374535	0.015466536	0.019055726
1205335306473525248	0.0	0.0	0.0	0	0	0	0.17923579	0.015736077	0.016503563
1214940072681857026	1.0	1.0	1.0	1	1	1	0.87461865	0.9698758	0.96530026
1221952316397563905	0.0	0.0	0.0	0	0	0	0.05345706	0.015638737	0.012660813
1223424279943045122	0.0	0.0	0.0	0	0	0	0.019831441	0.015093979	0.01943218
1240292300724424704	0.0	0.0	0.0	0	0	0	0.06428588	0.014961751	0.018980345
1241282533947584514	0.0	0.0	0.0	0	0	0	0.044322506	0.01490411	0.014350541
1244346345571463172	0.0	0.0	0.0	1	0	0	0.6334954	0.035546817	0.04793332
1252063640028499968	0.0	0.0	0.0	0	0	0	0.021198748	0.01552391	0.018973336
1253721744872964097	0.0	0.0	0.0	0	0	0	0.4654469	0.02496641	0.02821286
1259852412258574336	0.0	0.0	0.0	0	0	0	0.039605606	0.014444906	0.013298217
1266906828329283585	0.0	0.0	0.0	0	0	0	0.30625212	0.021846218	0.015702538
1271081185477832704	0.0	0.0	0.0	0	0	0	0.26550737	0.020738808	0.030934723
1276944003901132802	0.0	1.0	1.0	0	1	1	0.08766878	0.63676727	0.9180474
1280912201734213633	0.0	0.0	0.0	1	0	0	0.61500627	0.034514885	0.024999378
1281655340795179008	0.0	0.0	0.0	0	0	0	0.13566542	0.01719832	0.012381964
1293769401506791426	1.0	0.0	0.0	1	0	0	0.8463063	0.06345748	0.07568751
1301613556895539202	0.0	0.0	0.0	0	0	0	0.023710897	0.01749337	0.07356526
1325559277403189248	0.0	0.0	0.0	0	0	0	0.063519284	0.016191907	0.011966204
1336903053362954241	0.0	1.0	1.0	1	0	1	0.9305128	0.4951465	0.7280152
334282732085587968	1.0	0.0	0.0	1	0	0	0.89320546	0.11286601	0.1902429
371197661439078400	1.0	0.0	1.0	1	1	1	0.9737732	0.5148323	0.62993604
512605990953697280	0.0	1.0	1.0	1	1	1	0.7448996	0.93192405	0.96221834
596312357640474624	1.0	1.0	1.0	0	1	1	0.43577892	0.9226385	0.97049135
617298758997381120	1.0	0.0	0.0	1	0	0	0.7046962	0.042015254	0.03610297
622292275037622272	0.0	0.0	0.0	0	0	1	0.05639361	0.28434604	0.8129649
686166231758442496	1.0	0.0	0.0	1	0	0	0.78115183	0.07340234	0.08673269
697437874304581633	0.0	1.0	1.0	1	1	1	0.80700624	0.90599036	0.96448743
738588968401305600	0.0	0.0	0.0	1	1	1	0.6899932	0.94981205	0.9736018
739700826453741568	1.0	1.0	1.0	1	1	1	0.8513934	0.92638266	0.95899475
755347804311072768	1.0	0.0	0.0	1	0	1	0.931068	0.37407073	0.5541891
764986742118113281	1.0	0.0	0.0	1	0	0	0.9656032	0.21164644	0.21897747
773851222902206465	0.0	1.0	1.0	1	1	1	0.57325166	0.9413531	0.9724741
848697042692169728	0.0	1.0	1.0	0	1	1	0.4023748	0.9060522	0.9744552
940311983437570049	1.0	1.0	1.0	1	0	1	0.82278794	0.41051608	0.6686974
941861778178363394	0.0	0.0	1.0	0	1	1	0.42501545	0.84885985	0.95483255
943208079038001153	1.0	1.0	1.0	1	1	1	0.9757166	0.8775214	0.85289997
1091820005589684224	1.0	1.0	1.0	1	1	1	0.9564679	0.84671426	0.8799031
1202275535847452673	1.0	1.0	1.0	1	1	1	0.9771887	0.81169254	0.81274796
1339398314563792900	0.0	1.0	1.0	0	1	1	0.22889835	0.6879523	0.89643276
349083884803198976	0.0	0.0	0.0	0	0	0	0.14409421	0.018934404	0.026966302
352112687028768770	0.0	0.0	0.0	0	0	0	0.026849627	0.037510015	0.13191767
375481363668795392	1.0	0.0	0.0	1	0	0	0.63877636	0.040737793	0.072096206
378259375594680320	0.0	0.0	0.0	0	0	0	0.027446497	0.019798202	0.040166177
380341864903090176	1.0	0.0	0.0	0	0	0	0.07533642	0.013846865	0.013979036
396940972694568960	0.0	1.0	1.0	1	1	1	0.65047765	0.9302116	0.9520273
397206548943867905	1.0	0.0	0.0	1	0	0	0.60674363	0.0307307	0.06309493
419047430718373888	1.0	1.0	1.0	1	1	1	0.85982406	0.9128887	0.94814366
430698608137351168	1.0	0.0	0.0	1	0	0	0.67931795	0.04322327	0.055729397
435062684263141377	0.0	0.0	0.0	0	0	0	0.025876079	0.014348903	0.016658619
446121717560115200	0.0	0.0	0.0	0	0	0	0.030712357	0.0145927025	0.015676852
453731216789737474	0.0	0.0	0.0	0	0	0	0.031724438	0.014454901	0.015499078
464497496056946688	0.0	0.0	0.0	0	0	0	0.044465575	0.015412471	0.013359169
480400493253259264	0.0	0.0	0.0	0	0	0	0.04263742	0.014678902	0.014092371
486396678669598720	0.0	0.0	0.0	0	0	0	0.024613889	0.015912829	0.022066705
503669627851780096	1.0	0.0	1.0	1	1	1	0.9537291	0.8145626	0.8283578
517798883234033665	0.0	0.0	0.0	0	0	0	0.08799608	0.016998434	0.021247458
518499273285959680	0.0	0.0	0.0	0	0	0	0.071043186	0.014902234	0.015141477
528250233986514945	0.0	0.0	0.0	0	0	0	0.027064923	0.014879507	0.017528765
534584777257390081	1.0	1.0	1.0	1	0	1	0.894929	0.3463442	0.61942315
545752191336599553	0.0	0.0	0.0	0	0	0	0.025222253	0.016025184	0.020329017
554713519875440640	0.0	0.0	0.0	0	0	0	0.11683936	0.016709348	0.016342144
564881266864975872	0.0	0.0	0.0	0	0	0	0.054262083	0.014752388	0.015014325
568487751731056640	0.0	0.0	0.0	0	0	0	0.026628044	0.017646248	0.020376591
572172464580517889	1.0	0.0	0.0	0	0	0	0.083116345	0.0141766835	0.02088459
573656331485192192	0.0	0.0	0.0	0	0	0	0.058051456	0.016286612	0.020874925
576065596590161920	0.0	0.0	0.0	0	0	0	0.039619114	0.015001537	0.019200435
601044828806320128	0.0	0.0	0.0	0	0	0	0.021753239	0.017394522	0.024239974
614435460505415682	0.0	0.0	0.0	0	0	0	0.28405267	0.01853926	0.03762222
633000858511273984	0.0	0.0	0.0	0	0	0	0.03251172	0.014480167	0.014636865
678856461666131968	0.0	0.0	0.0	0	0	0	0.02598217	0.016674276	0.016386053
679003730923122688	1.0	1.0	1.0	0	0	0	0.08275949	0.025887921	0.050673608
685152147202293760	1.0	0.0	0.0	0	0	0	0.054216128	0.014924034	0.01304031
716971121321631744	0.0	0.0	0.0	0	0	0	0.031964686	0.015413058	0.017602393
728178838484725760	0.0	0.0	0.0	0	0	0	0.047192186	0.01431037	0.018537188
737669495406231552	0.0	0.0	0.0	0	0	0	0.33529627	0.021440983	0.02480659
738494964062146560	0.0	0.0	0.0	0	0	0	0.039725516	0.018631047	0.03140513
742969669309595648	0.0	0.0	0.0	0	0	0	0.026910275	0.017177973	0.02184118
752633397554581504	0.0	0.0	0.0	0	0	0	0.01994441	0.017540995	0.021061426
780579563315224576	0.0	0.0	0.0	0	0	0	0.024029726	0.017148236	0.018959664
789823044453740544	0.0	0.0	0.0	0	0	0	0.15605313	0.017616633	0.020456655
791001750153093120	0.0	0.0	0.0	1	0	0	0.5519866	0.02772512	0.04093214
804268948875345920	1.0	0.0	0.0	1	0	0	0.61818606	0.06740179	0.19100598
823860023390535680	0.0	0.0	0.0	0	0	0	0.017071158	0.01858475	0.027982213
841315482867245056	0.0	0.0	0.0	0	0	0	0.058080368	0.013818933	0.013400747
844594656872714245	0.0	0.0	0.0	0	0	0	0.028047375	0.020875545	0.03633762
863005248062976000	0.0	0.0	0.0	0	0	0	0.039399747	0.015257997	0.0179466
872998114449346560	0.0	0.0	0.0	1	0	0	0.51358104	0.046341367	0.076512136
877868250515652612	0.0	0.0	0.0	0	0	0	0.031596474	0.016257787	0.016458038
896848697950175234	0.0	0.0	0.0	0	0	0	0.038529973	0.016363597	0.015358215
914961463269191680	0.0	0.0	0.0	0	0	0	0.09568742	0.01991548	0.03726576
921643610315005953	0.0	0.0	0.0	0	0	0	0.03609835	0.015716052	0.014216478
921978919720325121	1.0	0.0	0.0	0	0	0	0.07499486	0.016538365	0.016110333
925553001250676736	0.0	0.0	0.0	0	0	0	0.027327143	0.018506603	0.023958942
949740135503089664	0.0	0.0	0.0	0	0	0	0.12788463	0.01780449	0.021228429
952377117001461761	0.0	0.0	0.0	1	0	0	0.5303417	0.042339493	0.105228476
952995336385171457	0.0	0.0	0.0	0	0	0	0.033495337	0.01753651	0.015626395
959243135317454848	0.0	0.0	0.0	0	0	0	0.025506591	0.016684853	0.02051358
974022288365547520	1.0	0.0	0.0	0	0	0	0.15250775	0.017611245	0.028536873
990071970401144833	0.0	0.0	0.0	0	0	0	0.026113246	0.013880737	0.020949736
997522201913057281	1.0	0.0	0.0	1	0	0	0.7202216	0.042303424	0.07831175
1006015139047280641	0.0	0.0	0.0	0	0	0	0.05382182	0.014096784	0.01596623
1017077909432004608	0.0	0.0	0.0	0	0	0	0.031524267	0.019155674	0.040189676
1026889103709630466	0.0	0.0	1.0	0	0	0	0.032853328	0.06473653	0.24206753
1037040611252166656	0.0	0.0	0.0	0	0	0	0.049228963	0.017242689	0.020800581
1048362979693973504	0.0	0.0	0.0	0	0	0	0.021599997	0.016399616	0.019867254
1061935193819361280	0.0	0.0	0.0	0	0	0	0.018269138	0.020294093	0.03366127
1084098262267621377	1.0	0.0	0.0	1	0	0	0.69373375	0.11527773	0.2020415
1087410320094707712	0.0	0.0	0.0	0	0	0	0.030401155	0.015171022	0.016505474
1136378956544905216	0.0	0.0	0.0	0	0	0	0.02798795	0.015393928	0.016109698
1153722269014904833	0.0	0.0	0.0	0	0	0	0.041759666	0.014930455	0.016492119
1177375154562879488	1.0	1.0	1.0	1	0	0	0.83905	0.100087024	0.19803992
1179506668431958016	0.0	0.0	0.0	0	0	0	0.03410902	0.014375997	0.01843864
1192964812575322117	0.0	0.0	0.0	0	0	0	0.04459781	0.016348392	0.016379677
1194401195923853312	0.0	0.0	0.0	0	0	0	0.02970379	0.016316852	0.019766027
1195678860597219328	0.0	0.0	0.0	0	0	0	0.13203722	0.014156979	0.01853724
1229305489168781312	1.0	0.0	0.0	1	0	0	0.7496911	0.10541206	0.19450912
1230739197696212999	0.0	0.0	0.0	0	0	0	0.03923066	0.017074358	0.016360935
1233975456581459969	0.0	0.0	0.0	0	0	0	0.05801752	0.017325697	0.029296761
1235556554868436992	0.0	0.0	0.0	0	0	0	0.05103988	0.015075763	0.013202665
1235733000010133505	0.0	0.0	0.0	0	0	0	0.033096276	0.016687483	0.031125914
1237151286719475712	0.0	0.0	0.0	0	0	0	0.026129577	0.018082023	0.026870986
1240241957881987072	1.0	0.0	0.0	0	0	0	0.38266748	0.025138762	0.038673364
1241253098296754177	0.0	0.0	0.0	0	0	0	0.018780863	0.016625438	0.025377592
1251135465731821568	0.0	0.0	0.0	0	0	0	0.034254536	0.01623236	0.016369417
1294355376117350402	0.0	1.0	1.0	1	1	1	0.5681945	0.61355776	0.78205836
1305907854088470533	0.0	0.0	0.0	0	0	0	0.072512336	0.016086904	0.017192235
1313175683644952583	1.0	0.0	0.0	1	1	1	0.90411806	0.566951	0.7247771
1313605903464181762	1.0	0.0	0.0	0	0	0	0.03349237	0.01452434	0.016499722
1315140316635291648	0.0	0.0	0.0	0	0	0	0.063823305	0.01770907	0.021240672
1337027504419299329	0.0	0.0	0.0	0	0	0	0.028262185	0.017533526	0.019289961
1338450113765789699	0.0	0.0	1.0	0	1	1	0.1423873	0.52594644	0.8758871
1340455669443350528	1.0	0.0	0.0	1	0	0	0.83360374	0.140749	0.2588836
1344167355648241664	0.0	0.0	0.0	0	0	0	0.037937887	0.015456257	0.015214282
431321021186969600	0.0	1.0	1.0	0	1	1	0.4376977	0.63191354	0.85577905
443670754178379777	0.0	1.0	1.0	0	0	1	0.379653	0.3167633	0.55641764
504475144799399936	1.0	0.0	0.0	1	0	0	0.7373268	0.056279905	0.08263487
532183622099685377	0.0	0.0	0.0	0	1	1	0.46381786	0.7400723	0.89777243
704433912022331392	0.0	1.0	1.0	1	0	1	0.67621475	0.2236632	0.5264618
811684851619241984	0.0	1.0	1.0	0	0	1	0.42971784	0.48165438	0.78077096
923830419270897664	1.0	1.0	1.0	1	1	1	0.92976564	0.62634695	0.7436281
931419459193065472	1.0	1.0	1.0	1	1	1	0.70417315	0.93552965	0.9575124
978692611358806016	0.0	0.0	1.0	0	0	1	0.073141076	0.24496715	0.62352943
1045846801876766721	1.0	0.0	0.0	1	0	0	0.89358807	0.14403763	0.2580424
1113481529005608960	1.0	0.0	0.0	1	0	0	0.80795467	0.070026495	0.13464709
1144969129633308672	0.0	0.0	0.0	1	0	0	0.5698814	0.060443416	0.11342949
1207922461804773376	1.0	0.0	0.0	1	0	1	0.8740013	0.37323463	0.6807631
1272435093550874624	0.0	1.0	1.0	0	1	1	0.42069784	0.89347273	0.9479027
1281363890182316032	0.0	1.0	1.0	0	1	1	0.3738882	0.8234753	0.9355273
1284391781048754177	1.0	1.0	1.0	1	1	1	0.9013229	0.93643457	0.9480108
1301917033303605250	1.0	0.0	0.0	1	0	0	0.90109533	0.20695807	0.32990068
1307763840663212032	1.0	0.0	1.0	0	1	1	0.4398835	0.7751159	0.9328015
1321634845697564672	0.0	1.0	1.0	0	1	1	0.24173649	0.6616454	0.901859
357332201190334464	0.0	0.0	0.0	0	0	0	0.030771054	0.014433139	0.013281672
362864716030283777	0.0	0.0	0.0	0	0	0	0.034603145	0.013327882	0.012919154
363719380967768064	0.0	0.0	0.0	0	0	1	0.0415209	0.13565728	0.5780379
394159135400263681	0.0	0.0	0.0	0	0	0	0.036381245	0.013009856	0.014124916
427397314487914496	0.0	0.0	0.0	0	0	0	0.03153784	0.013937454	0.012875627
464540328293584896	0.0	0.0	0.0	0	0	0	0.022869749	0.014960144	0.01667062
484512446313271298	0.0	0.0	0.0	0	0	0	0.018186979	0.015581812	0.020099524
484710692357156864	0.0	0.0	0.0	1	0	0	0.7500129	0.030170323	0.034236986
488042032825663488	1.0	1.0	1.0	1	0	0	0.6993515	0.029487308	0.0405359
489011101586038784	0.0	0.0	0.0	0	0	0	0.025598662	0.06999962	0.27321643
496025919849758720	0.0	0.0	0.0	0	0	0	0.40619645	0.017744018	0.019002488
506788560456798208	0.0	0.0	0.0	0	0	0	0.01912893	0.03875759	0.14144324
509990351696695296	0.0	0.0	0.0	1	0	0	0.7465477	0.036291175	0.033825204
518926568031539201	0.0	0.0	0.0	0	0	0	0.022992373	0.0132848155	0.019742506
519171075109056513	0.0	0.0	0.0	0	0	0	0.024486708	0.015993088	0.017875314
521850551571861505	0.0	0.0	0.0	1	0	0	0.75399965	0.031195829	0.03291555
544737999171231744	0.0	0.0	0.0	0	0	0	0.45004004	0.023001613	0.018749418
558509530796269569	0.0	0.0	0.0	0	0	0	0.037101522	0.013474986	0.012701787
559414683631767553	0.0	0.0	0.0	0	0	0	0.0295693	0.017092582	0.021800198
586476458907959296	1.0	0.0	0.0	0	0	0	0.291912	0.018090317	0.017375592
591307080277094400	0.0	0.0	0.0	0	0	0	0.40853047	0.020489246	0.01587554
595610067564679169	0.0	0.0	0.0	0	0	0	0.01689488	0.016549062	0.02400324
598917676484972544	0.0	0.0	0.0	0	0	0	0.19205351	0.01556917	0.0125574665
606960382654193664	0.0	0.0	0.0	0	0	0	0.01934198	0.015936388	0.019595215
607647619368677377	0.0	0.0	0.0	0	0	0	0.053764056	0.0150689045	0.013750383
615476753373401088	0.0	0.0	0.0	0	0	0	0.023101075	0.014406615	0.017497167
626391334815830016	0.0	0.0	0.0	0	0	0	0.014092226	0.019455817	0.044928182
650258639404593152	0.0	0.0	0.0	0	0	0	0.022210373	0.01459168	0.021218916
661186349655977984	0.0	0.0	0.0	0	0	0	0.022584412	0.0149798365	0.01635584
663601979327954944	0.0	0.0	0.0	0	0	0	0.020551473	0.01623897	0.024902398
672473607574962176	0.0	0.0	0.0	0	0	0	0.019465702	0.015706502	0.026538087
675946445158162432	0.0	0.0	0.0	0	0	0	0.028250517	0.013987083	0.017526219
676125881681727488	0.0	0.0	1.0	0	0	1	0.14591558	0.4539599	0.8971163
684046522799894529	0.0	1.0	1.0	0	1	1	0.106950894	0.5559811	0.9261592
717007671639998464	0.0	0.0	0.0	0	0	0	0.025687428	0.013894483	0.01921482
724947320211648512	1.0	0.0	0.0	1	0	0	0.96338105	0.14825596	0.2076794
728170139519205376	0.0	0.0	0.0	0	0	0	0.022003345	0.014376206	0.017511215
744204317175996416	0.0	0.0	0.0	0	0	0	0.030191055	0.014330046	0.015698485
774892588214083584	0.0	0.0	0.0	0	0	0	0.031110942	0.013636937	0.017317904
783825596581228544	0.0	0.0	0.0	0	0	0	0.037447322	0.014622465	0.015519288
816954428360003584	0.0	0.0	0.0	0	0	0	0.032977756	0.013989334	0.01676291
834208335406641152	0.0	0.0	0.0	0	0	0	0.35567123	0.018133234	0.026603445
854729466861559808	1.0	0.0	0.0	1	0	0	0.7370723	0.031545065	0.027926417
861250238052433920	0.0	0.0	0.0	0	0	0	0.023232844	0.014533354	0.01621118
861800417470054400	0.0	0.0	0.0	0	0	0	0.019295808	0.01944308	0.04473717
865345159738929153	0.0	0.0	0.0	0	0	0	0.14264315	0.01349613	0.011214599
878086451639894016	0.0	0.0	0.0	0	0	0	0.022694012	0.01668411	0.024675783
879660771197767680	0.0	0.0	0.0	0	0	0	0.02749472	0.013901013	0.013857059
887050236530765825	0.0	0.0	0.0	0	0	0	0.012427407	0.028096434	0.05280928
903534472078995456	0.0	0.0	0.0	0	0	0	0.0249686	0.0168948	0.023287358
920635099686809600	0.0	0.0	0.0	0	0	0	0.01935578	0.015100346	0.019659165
926396884981297153	0.0	0.0	0.0	0	0	0	0.016273048	0.04998043	0.19777218
933934389024538624	0.0	1.0	1.0	0	1	1	0.29594153	0.83893025	0.9677748
936432667498831873	0.0	0.0	0.0	0	0	0	0.05038038	0.01337732	0.011976284
951187936975949825	0.0	0.0	0.0	0	0	0	0.20028415	0.017371537	0.013003141
970083854806593536	0.0	0.0	0.0	0	0	0	0.016526643	0.021594409	0.043635648
971709689368076288	0.0	0.0	0.0	0	0	0	0.0147256395	0.0308675	0.09328568
1015195983976812549	0.0	0.0	0.0	0	0	0	0.02217743	0.013980739	0.018455075
1015705524799791106	0.0	0.0	0.0	1	0	0	0.8471686	0.038924765	0.055996876
1018187231541059586	1.0	0.0	0.0	0	0	0	0.43283075	0.02291117	0.0194669
1020234634918072321	0.0	0.0	0.0	0	0	0	0.033313867	0.013472325	0.012967365
1027546622408896513	0.0	0.0	0.0	0	0	0	0.023222284	0.015266411	0.02022579
1036531492527263744	0.0	0.0	0.0	0	0	0	0.018118722	0.018801922	0.029390147
1042670734546554880	0.0	0.0	0.0	0	0	0	0.024131259	0.013733999	0.016504832
1044677181941530624	0.0	0.0	0.0	0	0	0	0.028595299	0.014960789	0.019802622
1055135863682740224	0.0	0.0	1.0	0	0	0	0.016220994	0.056879576	0.225566
1090405470936936448	0.0	1.0	1.0	0	0	0	0.013938372	0.029969921	0.07770496
1096554547005345792	0.0	0.0	0.0	0	0	0	0.023007803	0.015235881	0.027064
1099688449819492352	0.0	0.0	0.0	0	0	0	0.0716224	0.013094358	0.016334465
1117953601173893121	1.0	1.0	1.0	1	1	1	0.9365662	0.8855425	0.92877114
1119503928788340737	0.0	0.0	0.0	0	0	0	0.029734336	0.0139687415	0.014253767
1122012294563729408	0.0	0.0	0.0	0	0	0	0.038020894	0.014374633	0.017080106
1136362028656988161	0.0	0.0	0.0	0	0	0	0.057488292	0.013744045	0.015853193
1141149641242816512	0.0	0.0	0.0	0	0	0	0.019649902	0.016497163	0.02609709
1149679630833672192	0.0	0.0	0.0	0	0	0	0.032192096	0.013719808	0.01439239
1150075644434354176	0.0	0.0	0.0	0	0	0	0.08017027	0.013596449	0.011906318
1157736133838737410	1.0	1.0	1.0	0	0	0	0.021757618	0.01702498	0.038281795
1176766417271574528	0.0	0.0	0.0	0	0	0	0.023035545	0.014035654	0.016614566
1199161697396641792	0.0	0.0	0.0	0	0	0	0.014469638	0.019597158	0.034261435
1240546473802002433	0.0	0.0	0.0	0	0	0	0.06640668	0.012659901	0.012224214
1247882306091511810	0.0	0.0	1.0	0	0	0	0.253544	0.05309908	0.14222157
1254756996424757252	0.0	0.0	0.0	0	0	0	0.019294111	0.014910018	0.018945461
1267803109746774018	0.0	0.0	0.0	0	0	0	0.022946041	0.01476776	0.017289585
1269805965416837125	0.0	0.0	0.0	0	0	0	0.030614184	0.014513227	0.015826691
1271730278533402625	0.0	0.0	0.0	0	0	0	0.03395562	0.012554299	0.014467522
1294341891060711425	0.0	0.0	0.0	0	0	0	0.01833463	0.01560558	0.023986844
1304928591659118592	0.0	0.0	0.0	0	0	0	0.051500265	0.013896699	0.012605035
1309013224029913088	0.0	0.0	0.0	0	0	0	0.042932622	0.013641833	0.018601144
1314419651179233283	0.0	0.0	0.0	0	0	0	0.018057182	0.0160465	0.024824632
1316197094156193793	0.0	0.0	0.0	0	0	0	0.045806646	0.0124473665	0.011936862
375599373771898880	1.0	1.0	1.0	1	1	1	0.9637898	0.6607048	0.79777217
413527115230117888	1.0	1.0	1.0	0	1	1	0.42636696	0.9066506	0.96735024
589534492395704320	1.0	0.0	0.0	1	0	0	0.9586401	0.15009971	0.25873643
618440645691113473	1.0	0.0	1.0	0	1	1	0.31981325	0.8642941	0.96817833
635545969057222656	1.0	1.0	1.0	1	1	1	0.98008543	0.52640396	0.52555245
679303205356965888	1.0	1.0	1.0	1	1	1	0.8604969	0.75158614	0.907524
685064182602018816	1.0	1.0	1.0	1	1	1	0.9693866	0.78284407	0.7639897
746095998754136064	0.0	1.0	1.0	0	0	0	0.063663326	0.038631532	0.067107074
752561148617162752	0.0	0.0	0.0	0	1	1	0.123525925	0.66871935	0.94741935
764815992199475200	1.0	0.0	1.0	0	0	1	0.04825023	0.23450464	0.7160227
783019110418481152	0.0	0.0	0.0	1	0	0	0.9518088	0.094358884	0.13816962
806585328740036609	0.0	1.0	1.0	0	1	1	0.11848908	0.71166474	0.9444169
814338973665476609	1.0	0.0	0.0	1	0	0	0.9265745	0.06386188	0.096129596
818219492887199745	1.0	0.0	0.0	1	0	0	0.9429178	0.08474178	0.11266712
820156074930081792	1.0	0.0	0.0	1	0	0	0.9493494	0.092498116	0.119706444
821435427571658753	1.0	1.0	1.0	1	1	1	0.9683405	0.82769614	0.8581052
839139914176479232	1.0	0.0	0.0	1	0	0	0.94034433	0.10476295	0.15106575
909531164981022723	0.0	1.0	1.0	0	0	0	0.037964787	0.022277402	0.036271226
1047437158401761280	0.0	0.0	0.0	0	0	1	0.046519708	0.27499324	0.7021119
1050268738337959937	0.0	0.0	0.0	1	0	0	0.94868493	0.0940804	0.1308173
1248717496410136582	1.0	1.0	1.0	1	0	0	0.9719211	0.29875448	0.37147558
1284313776313884672	1.0	1.0	1.0	1	0	1	0.96643883	0.38328725	0.5756515
1323286986233360386	1.0	1.0	1.0	1	1	1	0.92907727	0.5577918	0.6289562
346130801726988290	0.0	0.0	0.0	0	0	0	0.04182503	0.014411111	0.012259617
362177441596321792	1.0	0.0	0.0	1	0	0	0.9367466	0.120620586	0.14848615
369497353503264768	0.0	0.0	0.0	0	0	0	0.022329558	0.013599219	0.017016826
378087292306337792	1.0	1.0	1.0	1	0	0	0.8725715	0.26527226	0.454613
416824906223869952	0.0	0.0	0.0	0	0	0	0.017042056	0.015915373	0.022257932
432580268667715584	0.0	0.0	0.0	0	0	0	0.021729559	0.0142239295	0.020442314
440922374318211072	0.0	0.0	0.0	0	0	0	0.022648994	0.014533162	0.01656415
446486621999726594	0.0	0.0	0.0	0	0	0	0.015055698	0.023800975	0.04883216
451954996158820352	0.0	0.0	0.0	0	0	0	0.025822815	0.013745618	0.015756207
453229267673812993	0.0	0.0	0.0	0	0	0	0.031543747	0.015089203	0.015036202
464203433394716672	0.0	0.0	0.0	0	0	0	0.014664985	0.017381992	0.027269501
467006461605081088	0.0	0.0	0.0	0	0	0	0.03178807	0.013356191	0.014908163
469874033035837440	0.0	0.0	0.0	0	0	0	0.024010971	0.014590036	0.016439786
486735419053060096	0.0	0.0	0.0	0	0	0	0.041342635	0.014339006	0.0139116375
490727800832151552	1.0	0.0	0.0	1	0	0	0.64921206	0.02667778	0.028433789
494471416562327552	0.0	0.0	0.0	0	0	0	0.018895844	0.016022386	0.019908153
496661452892430336	0.0	0.0	0.0	0	0	0	0.024688497	0.035080332	0.10636575
521767676302356480	1.0	0.0	0.0	1	0	0	0.93107617	0.23532924	0.2779195
547961912139317249	0.0	0.0	0.0	0	0	0	0.09103449	0.0130818235	0.013417626
552550000522428417	0.0	0.0	0.0	0	0	0	0.02004489	0.015520965	0.018415593
558700707658739713	0.0	0.0	0.0	0	0	0	0.03566436	0.014377071	0.01542508
578540328224845824	0.0	1.0	1.0	1	1	1	0.6575225	0.91631186	0.9575078
579050929837760512	0.0	0.0	0.0	0	0	0	0.19892514	0.016273009	0.015006788
587154820450033665	0.0	0.0	0.0	0	0	0	0.2920718	0.01740436	0.012752361
625141281216401408	0.0	0.0	0.0	0	0	0	0.029242203	0.01464007	0.016614279
638692179838377984	0.0	0.0	0.0	0	0	0	0.23771463	0.015602457	0.015137308
641614791858089985	0.0	0.0	0.0	0	0	0	0.022885242	0.014674745	0.019762428
662557646864703488	0.0	0.0	0.0	0	0	0	0.03130162	0.015765343	0.016750002
663635303081443328	0.0	0.0	0.0	0	0	0	0.020347912	0.015041463	0.023324419
666039499097399296	0.0	0.0	0.0	0	0	0	0.018412597	0.016328964	0.028791
682059890710425600	0.0	0.0	0.0	0	0	0	0.021715362	0.015058429	0.021205528
699396541967134721	1.0	0.0	0.0	0	0	0	0.2500228	0.014741198	0.01505835
708337071069462529	1.0	1.0	1.0	1	1	1	0.9083047	0.9165775	0.9283289
724427935734603777	0.0	0.0	0.0	0	0	0	0.022839608	0.0156194065	0.019349271
732630765050204160	1.0	0.0	1.0	1	1	1	0.973626	0.58891934	0.62584716
771078414702895108	0.0	0.0	0.0	0	0	0	0.07309454	0.0134148635	0.012893748
773715010128257024	0.0	0.0	0.0	0	0	0	0.018931828	0.016116858	0.019998988
777363682497966080	0.0	0.0	0.0	0	0	0	0.06987802	0.014267092	0.015659524
780736441378828288	0.0	0.0	0.0	0	0	0	0.02445627	0.014528648	0.015998641
785285499598544896	0.0	0.0	0.0	0	0	0	0.1979428	0.019720148	0.027503146
787339568483803137	0.0	0.0	0.0	0	0	0	0.039780293	0.013002206	0.012855273
787484307275194368	0.0	0.0	0.0	0	0	0	0.03140446	0.01520559	0.016962396
798897332288913410	0.0	0.0	0.0	0	0	0	0.02772351	0.014245688	0.01671511
835545584400498688	1.0	1.0	1.0	1	1	1	0.6006379	0.92698264	0.9621542
843119176210300929	0.0	0.0	0.0	0	0	0	0.018914701	0.015195797	0.020240936
864377347507671041	0.0	0.0	0.0	0	0	0	0.2475875	0.017241558	0.027283726
922772065949749248	0.0	0.0	0.0	0	0	0	0.021710765	0.015807793	0.021630485
950130882664370176	0.0	0.0	0.0	0	0	0	0.029284097	0.014648381	0.016602518
958008792637112321	0.0	0.0	0.0	0	0	0	0.014759335	0.016029727	0.027607486
958293075029385216	1.0	1.0	1.0	1	0	1	0.9685411	0.4752469	0.5038582
965199704177938432	0.0	0.0	1.0	0	1	1	0.129321	0.6582264	0.8828544
972086227003412480	0.0	0.0	0.0	0	0	0	0.012367647	0.02650166	0.06412683
975637615478177792	0.0	0.0	0.0	0	0	0	0.05294848	0.017785061	0.031579703
978573361117843461	0.0	0.0	0.0	0	0	0	0.01793222	0.01770277	0.030692548
979125089475186688	0.0	0.0	0.0	0	0	0	0.015958568	0.023377711	0.05396953
1017778718918545408	0.0	0.0	0.0	0	0	0	0.019442515	0.015124462	0.020340007
1021282992814215168	0.0	0.0	0.0	0	0	0	0.0133822495	0.018830944	0.029893674
1021764496392708096	1.0	1.0	1.0	1	1	1	0.7960231	0.94300145	0.958257
1031772905171050497	0.0	0.0	0.0	0	0	0	0.017330619	0.015698668	0.022899142
1052056630609829888	0.0	0.0	0.0	0	0	0	0.031130582	0.025103642	0.07148675
1055514182290890752	0.0	0.0	0.0	0	0	0	0.01425648	0.017897451	0.033088863
1085738081133649920	0.0	0.0	0.0	0	0	0	0.027129123	0.013738372	0.016058045
1100871404365451265	0.0	0.0	0.0	0	0	0	0.024311673	0.012963746	0.017487528
1109012239950897152	0.0	0.0	0.0	0	0	0	0.020307995	0.014956875	0.017493438
1119616798863839234	0.0	0.0	0.0	0	0	0	0.015361571	0.016228119	0.026734894
1126843813996171264	0.0	0.0	0.0	0	0	0	0.022298912	0.014507479	0.017511591
1140306029160423424	0.0	0.0	0.0	0	0	0	0.026296692	0.014888421	0.020036934
1145012175418867714	1.0	0.0	0.0	1	0	0	0.7654362	0.056985524	0.08580202
1157265068662362112	0.0	1.0	1.0	0	0	0	0.016310425	0.01652376	0.024360074
1163339614918250498	0.0	0.0	0.0	0	0	0	0.08600061	0.050130136	0.116156384
1181594606754045952	0.0	0.0	1.0	0	0	0	0.033171844	0.05523864	0.22652851
1181727723875495937	0.0	0.0	0.0	0	0	0	0.1368299	0.014522602	0.010783979
1189642519757381633	0.0	0.0	0.0	0	0	0	0.1569657	0.01778982	0.029359877
1198134889830375424	0.0	0.0	0.0	0	0	0	0.12072773	0.011590576	0.014225902
1201336547062120448	0.0	0.0	0.0	0	0	0	0.058728226	0.016387576	0.01794208
1201898308765175810	0.0	0.0	0.0	0	0	0	0.014130549	0.017982647	0.031761155
1202972487077826567	0.0	0.0	0.0	0	0	0	0.022684697	0.014382046	0.017283857
1204291217917435904	0.0	0.0	0.0	0	0	0	0.015938101	0.016904965	0.024541853
1207043919747395586	0.0	0.0	0.0	0	0	0	0.023150261	0.014376029	0.01652328
1218198523356729344	0.0	0.0	0.0	0	0	0	0.02488219	0.013373948	0.018453263
1223881256343166976	1.0	0.0	0.0	1	1	1	0.92136884	0.6578325	0.7710238
1235546282799886336	0.0	0.0	1.0	0	0	1	0.060680274	0.25392723	0.64651865
1236958500103663616	0.0	0.0	0.0	0	0	0	0.26836547	0.017192591	0.014490009
1241394948131479562	0.0	0.0	0.0	0	0	0	0.013489136	0.017570429	0.027596476
1263308736824668160	1.0	0.0	0.0	1	0	0	0.7958082	0.03845308	0.03775419
1272552009787375618	0.0	0.0	0.0	0	0	0	0.03516728	0.01330656	0.015064066
1275189476227190784	0.0	0.0	0.0	0	0	0	0.24214584	0.016744804	0.013497698
1276926889504976896	0.0	0.0	0.0	0	0	0	0.15915133	0.018653339	0.016495453
1295565841266651138	1.0	0.0	1.0	1	0	0	0.69893533	0.06423851	0.0720572
1298452222850760710	0.0	0.0	0.0	0	0	0	0.030574745	0.013653201	0.014131181
1310521437455675392	0.0	0.0	0.0	0	0	0	0.09851149	0.014211659	0.011083893
1315325117828927489	0.0	0.0	0.0	0	0	0	0.025055747	0.03869013	0.10529669
1338483958397480972	0.0	0.0	1.0	0	1	1	0.2931568	0.8629132	0.9421651
1338948018272415744	0.0	0.0	0.0	0	0	0	0.039545637	0.014272981	0.019728743
1339272384763801605	0.0	0.0	0.0	0	0	0	0.013499045	0.017959522	0.028947793
331396203700944896	0.0	0.0	0.0	1	1	1	0.9389728	0.5044404	0.5284168
442207643893903360	1.0	1.0	1.0	1	1	1	0.6347332	0.9307372	0.96420914
576144390755786753	1.0	1.0	1.0	1	1	1	0.5830622	0.9095948	0.9590283
621383456921141252	1.0	0.0	0.0	1	1	1	0.8324087	0.9242523	0.95375836
653391282455232513	1.0	0.0	0.0	1	0	0	0.81635314	0.04567669	0.05415928
660967121766125568	0.0	1.0	1.0	1	1	1	0.5131387	0.9251372	0.9624607
668789221910441984	1.0	1.0	1.0	1	1	1	0.87057996	0.9393965	0.9508576
845994048796180482	1.0	1.0	1.0	1	1	1	0.7196923	0.9351523	0.9575028
961425512311738368	1.0	1.0	1.0	1	0	0	0.8858618	0.1301103	0.2113177
1008726559447027713	1.0	1.0	1.0	1	1	1	0.83900225	0.94409883	0.9521884
1052016495306391553	0.0	0.0	0.0	0	1	1	0.10292457	0.57619536	0.85032964
1140197127387254784	1.0	0.0	0.0	1	0	0	0.97560215	0.4301815	0.4452474
1141480794118152192	1.0	0.0	0.0	1	1	1	0.9651097	0.63568175	0.6939811
1181963926134759426	1.0	1.0	1.0	1	1	1	0.55596286	0.9002105	0.9573095
1197695271150350336	0.0	0.0	0.0	1	0	0	0.8992503	0.172882	0.2672002
1201309508342964225	0.0	1.0	1.0	1	1	1	0.6542169	0.92011756	0.9659733
1245518340581404675	1.0	0.0	0.0	1	0	0	0.9464686	0.13600437	0.23565054
1307519861690597376	1.0	1.0	1.0	1	1	1	0.9482828	0.84274113	0.85414094
